ticker_a,ticker_b,signal_col,signal_corr
ALG,SKIN,predicted_surprise_direction,-1.0
LIN,PCAR,predicted_surprise_direction,-1.0
AGCO,TTC,filtered_contemp_corr,-0.9856107606091623
TTC,WNC,filtered_contemp_corr,-0.9642857142857145
BHC,HY,predicted_rev_resid_calibrated,-0.9361745372672995
BSX,PCAR,leading_corr_historical,-0.9285714285714287
BSX,PCAR,filtered_leading_corr,-0.9285714285714287
CAT,SKIN,leading_corr_historical,-0.9047619047619048
QGEN,TEX,filtered_contemp_corr,-0.9018956206252968
LIN,PCAR,predicted_rev_resid_calibrated,-0.8909090909090911
BAX,TTC,predicted_rev_resid_calibrated,-0.8720815992723809
HURC,RMD,leading_confidence,-0.870967741935484
ALG,DE,filtered_leading_corr,-0.8555211558307534
ALG,BWAY,leading_corr_historical,-0.8532469179729295
BWAY,ILMN,leading_corr_historical,-0.8532469179729295
BWAY,MASI,leading_corr_historical,-0.8532469179729295
ALG,BWAY,filtered_leading_corr,-0.8532469179729295
BWAY,ILMN,filtered_leading_corr,-0.8532469179729295
BWAY,MASI,filtered_leading_corr,-0.8532469179729295
RMD,TEX,filtered_contemp_corr,-0.8345238095238096
BSX,PCAR,filtered_contemp_corr,-0.8333333333333335
MMM,RMD,filtered_contemp_corr,-0.8333333333333335
MTW,RMD,filtered_leading_corr,-0.8333333333333333
STE,XRAY,filtered_contemp_corr,-0.8306277919354926
NVST,SKIN,leading_confidence,-0.8298300345124064
BSX,MASI,filtered_leading_corr,-0.8272727272727273
MMM,RXST,contemp_confidence,-0.8232319499226775
ALG,DE,leading_corr_historical,-0.8204404291360814
IDXX,MASI,filtered_leading_corr,-0.8181818181818182
BSX,HY,leading_corr_historical,-0.8115551006240759
BSX,HY,filtered_leading_corr,-0.8115551006240759
BHC,MASI,leading_corr_historical,-0.8065934065934066
LIN,WNC,filtered_contemp_corr,-0.8041958041958043
ALC,IDXX,filtered_leading_corr,-0.8008385313525288
ALG,SKIN,predicted_rev_resid_calibrated,-0.7999999999999999
MDT,QGEN,predicted_surprise_direction,-0.7999999999999999
BWAY,ZBH,leading_corr_historical,-0.7981987297166114
STE,WNC,filtered_contemp_corr,-0.7939393939393938
SKIN,TEX,predicted_surprise_direction,-0.7905694150420949
ABBV,MMM,leading_corr_historical,-0.7857142857142857
BSX,MASI,leading_corr_historical,-0.7857142857142857
MTW,RMD,leading_corr_historical,-0.7857142857142857
BWAY,ZBH,filtered_leading_corr,-0.7835467939002064
ABBV,MMM,filtered_leading_corr,-0.7832167832167832
BSX,MDT,filtered_leading_corr,-0.7818181818181819
ISRG,RMD,filtered_contemp_corr,-0.7762237762237763
BSX,JNJ,filtered_contemp_corr,-0.7747252747252747
BWAY,HSIC,leading_regime_shift,-0.7745966692414833
GM,IR,filtered_leading_corr,-0.7696078431372549
HY,NVST,leading_confidence,-0.7695794793334835
ALC,IDXX,leading_corr_historical,-0.7667139961519521
AGCO,HY,filtered_leading_corr,-0.7666666666666667
NVST,SKIN,leading_corr_historical,-0.7619047619047621
BWAY,XRAY,leading_corr_historical,-0.7614999375457328
IR,TXT,filtered_contemp_corr,-0.7598039215686275
ASTE,PII,filtered_leading_corr,-0.7560700169395823
IR,SKIN,predicted_surprise_direction,-0.7559289460184544
ISRG,SKIN,predicted_surprise_direction,-0.7559289460184544
BSX,MTW,filtered_leading_corr,-0.7545454545454545
BSX,MDT,leading_corr_historical,-0.7527472527472527
NVST,PRCT,leading_confidence,-0.7526692113578767
HURC,TTC,filtered_contemp_corr,-0.7500000000000002
BHC,MASI,filtered_leading_corr,-0.7482517482517484
HURC,VMI,filtered_contemp_corr,-0.7452380952380953
APYX,PRCT,filtered_leading_corr,-0.7380952380952381
JNJ,RMD,filtered_contemp_corr,-0.7363636363636363
ALC,ASTE,leading_corr_historical,-0.7333333333333334
ALC,ASTE,filtered_leading_corr,-0.7333333333333334
AGCO,XRX,filtered_contemp_corr,-0.7318681318681319
ALC,BHC,leading_corr_historical,-0.731561219708794
ALC,BHC,filtered_leading_corr,-0.731561219708794
BSX,MTW,leading_corr_historical,-0.7307692307692307
BAX,BWAY,leading_corr_historical,-0.7248011453748541
BWAY,CNMD,leading_corr_historical,-0.7248011453748541
BWAY,PII,leading_corr_historical,-0.7248011453748541
BAX,BWAY,filtered_leading_corr,-0.7248011453748541
BWAY,CNMD,filtered_leading_corr,-0.7248011453748541
BHC,TEX,filtered_contemp_corr,-0.7234262125902993
DE,XRAY,filtered_leading_corr,-0.7212121212121211
BAX,HURC,leading_corr_historical,-0.7181848464596079
BAX,TTC,leading_corr_historical,-0.7181848464596079
BAX,HURC,filtered_leading_corr,-0.7181848464596079
BAX,TTC,filtered_leading_corr,-0.7181848464596079
ASTE,PII,leading_corr_historical,-0.7169230769230769
STE,ZBH,filtered_contemp_corr,-0.7166666666666667
BAX,TDOC,predicted_rev_resid_calibrated,-0.7142857142857144
JNJ,VMI,filtered_contemp_corr,-0.7107142857142856
ILMN,XRAY,predicted_rev_resid_calibrated,-0.7085906052077958
MTW,QGEN,predicted_surprise_direction,-0.7071067811865475
MDT,QGEN,predicted_rev_resid_calibrated,-0.7
ABT,XRX,leading_corr_historical,-0.7
ASTE,TTC,leading_corr_historical,-0.7
ASTE,TTC,filtered_leading_corr,-0.7
ILMN,XRAY,predicted_surprise_direction,-0.6997983346207417
QGEN,XRX,filtered_contemp_corr,-0.6985043799319081
AGCO,ZBH,filtered_contemp_corr,-0.6982456140350877
ALGN,RXST,contemp_confidence,-0.6974858324629156
PCAR,RXST,contemp_confidence,-0.6974858324629156
BHC,PII,filtered_leading_corr,-0.6947368421052632
ASTE,MMM,predicted_rev_resid_calibrated,-0.6941176470588235
GM,IR,leading_corr_historical,-0.6935064935064935
CAT,TXT,filtered_contemp_corr,-0.6928542531378079
ABT,XRX,filtered_leading_corr,-0.6923076923076923
LIN,XRAY,filtered_contemp_corr,-0.6906182751372874
PRCT,STE,predicted_rev_resid_calibrated,-0.6904761904761906
SKIN,XRAY,leading_corr_historical,-0.6904761904761906
SKIN,XRAY,filtered_leading_corr,-0.6904761904761906
BWAY,WNC,leading_corr_historical,-0.6881023532039754
ALC,ZTS,filtered_contemp_corr,-0.6881023532039754
MMM,TEX,predicted_rev_resid_calibrated,-0.6879120879120879
TXT,ZTS,predicted_rev_resid_calibrated,-0.6853146853146854
CNMD,PCAR,predicted_rev_resid_calibrated,-0.6848484848484848
ISRG,TDOC,predicted_rev_resid_calibrated,-0.6848484848484848
ALGN,DE,filtered_contemp_corr,-0.6842105263157895
APYX,PRCT,leading_corr_historical,-0.6833333333333333
HURC,ISRG,contemp_confidence,-0.679757957567344
ALG,WNC,filtered_contemp_corr,-0.6792207792207793
BHC,CNMD,filtered_contemp_corr,-0.6749999999999999
BWAY,MASI,leading_regime_shift,-0.6741998624632423
AGCO,HY,leading_corr_historical,-0.6740033886538936
HSIC,RMD,leading_corr_historical,-0.6703296703296703
ISRG,STE,leading_corr_historical,-0.6676470588235294
BHC,JNJ,leading_corr_historical,-0.6670755392390916
ABBV,SKIN,filtered_contemp_corr,-0.6666666666666669
ALGN,ZTS,filtered_contemp_corr,-0.6666666666666669
ALC,BWAY,leading_regime_shift,-0.6666666666666666
BWAY,XRX,leading_regime_shift,-0.6666666666666666
ISRG,XRAY,filtered_contemp_corr,-0.6644656371686934
ISRG,MMM,predicted_rev_resid_calibrated,-0.6643356643356644
APYX,BSX,filtered_contemp_corr,-0.6636363636363638
BAX,BWAY,leading_confidence,-0.6620784138506228
BWAY,CNMD,leading_confidence,-0.6620784138506228
BWAY,VMI,leading_confidence,-0.6620784138506228
HY,ZBH,filtered_contemp_corr,-0.6610936529170212
AGCO,ALC,filtered_leading_corr,-0.6606060606060605
ALC,APYX,filtered_contemp_corr,-0.6571428571428573
CNMD,PCAR,predicted_surprise_direction,-0.6546536707079771
ABBV,NVST,filtered_contemp_corr,-0.6545454545454547
ALGN,CAT,filtered_contemp_corr,-0.6538461538461539
IR,ZTS,leading_confidence,-0.6521739130434783
ABBV,MASI,filtered_leading_corr,-0.6503496503496504
IDXX,JNJ,leading_corr_historical,-0.6487938247533481
ASTE,JNJ,leading_corr_historical,-0.64622942863787
JNJ,PRCT,leading_confidence,-0.6452388105763397
CNMD,STE,leading_corr_historical,-0.6441176470588235
HY,IR,contemp_confidence,-0.6431962620327036
MMM,SKIN,leading_corr_historical,-0.6428571428571429
MASI,RMD,filtered_leading_corr,-0.6428571428571429
MMM,SKIN,filtered_leading_corr,-0.6428571428571429
DE,QGEN,filtered_contemp_corr,-0.6428571428571429
ALG,PCAR,contemp_confidence,-0.6423600538531236
ISRG,QGEN,filtered_contemp_corr,-0.6394421405789825
NVST,STE,predicted_surprise_direction,-0.6388888888888887
CNMD,XRAY,leading_corr_historical,-0.6380641924868088
RMD,TXT,filtered_leading_corr,-0.6363636363636364
ILMN,RMD,filtered_leading_corr,-0.6363636363636362
IDXX,JNJ,filtered_leading_corr,-0.6354889093022426
ISRG,STE,filtered_leading_corr,-0.6351648351648352
APYX,PCAR,predicted_surprise_direction,-0.6333333333333334
DE,XRAY,predicted_surprise_direction,-0.6333333333333334
DE,QGEN,leading_corr_historical,-0.6333333333333333
ALGN,BWAY,leading_corr_historical,-0.6330541649476574
BWAY,HSIC,leading_corr_historical,-0.6330541649476574
ALGN,BWAY,filtered_leading_corr,-0.6330541649476574
BWAY,HSIC,filtered_leading_corr,-0.6330541649476574
ASTE,SKIN,predicted_surprise_direction,-0.6324555320336759
CAT,SKIN,predicted_surprise_direction,-0.6324555320336759
PCAR,PRCT,predicted_surprise_direction,-0.6324555320336759
SKIN,XRAY,predicted_surprise_direction,-0.6324555320336759
BWAY,TEX,leading_regime_shift,-0.6324555320336758
BWAY,XRAY,leading_regime_shift,-0.6324555320336758
ABT,BSX,leading_corr_historical,-0.6318681318681317
ABT,BSX,filtered_leading_corr,-0.6318681318681317
ASTE,JNJ,filtered_leading_corr,-0.6313467492888916
QGEN,VMI,leading_confidence,-0.6306275909720241
ABBV,BSX,filtered_contemp_corr,-0.6293706293706295
CAT,NVST,filtered_contemp_corr,-0.6293706293706295
BWAY,ILMN,leading_confidence,-0.6281442647921769
ABT,IDXX,filtered_contemp_corr,-0.6267424686534604
ISRG,PRCT,predicted_rev_resid_calibrated,-0.6242424242424242
PCAR,QGEN,predicted_rev_resid_calibrated,-0.6214992045540053
IR,NVST,leading_confidence,-0.6213334736309052
HY,NVST,predicted_rev_resid_calibrated,-0.6200636545536659
ABBV,PCAR,predicted_rev_resid_calibrated,-0.6190476190476191
JNJ,SKIN,leading_corr_historical,-0.6190476190476191
HSIC,RMD,filtered_leading_corr,-0.6181818181818182
IR,PII,filtered_contemp_corr,-0.6180451127819548
PCAR,RXST,leading_confidence,-0.617423962442008
PII,SKIN,predicted_rev_resid_calibrated,-0.6166666666666666
ALGN,PCAR,leading_corr_historical,-0.6166666666666666
ALGN,PCAR,filtered_leading_corr,-0.6166666666666666
HSIC,HURC,leading_confidence,-0.6161456617033807
IR,LIN,filtered_leading_corr,-0.6153846153846153
HSIC,IDXX,filtered_contemp_corr,-0.6153846153846153
BHC,DE,filtered_contemp_corr,-0.6151960784313726
DE,WNC,filtered_leading_corr,-0.6149068322981367
ALC,LIN,filtered_contemp_corr,-0.6129071627364191
PII,TDOC,predicted_surprise_direction,-0.6123724356957945
APYX,ASTE,predicted_rev_resid_calibrated,-0.6102941176470589
CAT,VMI,filtered_contemp_corr,-0.6098901098901099
BHC,JNJ,filtered_leading_corr,-0.6092716881249443
IR,LIN,leading_corr_historical,-0.6087912087912088
BAX,STE,filtered_contemp_corr,-0.6079055436800646
ALC,ALG,filtered_contemp_corr,-0.6077440821208129
ASTE,SKIN,contemp_confidence,-0.6056978774101713
BWAY,HSIC,leading_confidence,-0.6044956738991983
CNMD,XRAY,filtered_leading_corr,-0.6024764984293989
CAT,SKIN,predicted_rev_resid_calibrated,-0.6
HURC,MTW,predicted_rev_resid_calibrated,-0.6
ASTE,HURC,filtered_contemp_corr,-0.6
HURC,IR,filtered_contemp_corr,-0.6
BWAY,MTW,leading_confidence,-0.5999675526593063
ABBV,HY,leading_corr_historical,-0.5989501304292861
ABBV,QGEN,filtered_leading_corr,-0.5963942406039514
AGCO,ALC,leading_corr_historical,-0.5955718952006896
ABT,JNJ,predicted_rev_resid_calibrated,-0.5954592363261093
IDXX,MMM,filtered_contemp_corr,-0.5954474980875943
IR,SKIN,leading_corr_historical,-0.5952380952380953
PII,SKIN,leading_corr_historical,-0.5952380952380953
ISRG,TDOC,filtered_contemp_corr,-0.5952380952380953
JNJ,SKIN,leading_confidence,-0.5950715988591156
IDXX,MASI,leading_corr_historical,-0.5934065934065934
HURC,ILMN,contemp_confidence,-0.5903708398255698
BHC,JNJ,filtered_contemp_corr,-0.5892857142857142
IR,QGEN,leading_confidence,-0.5888956015769266
ASTE,NVST,predicted_rev_resid_calibrated,-0.5886446886446887
AGCO,JNJ,filtered_leading_corr,-0.5874125874125874
GM,IR,filtered_contemp_corr,-0.5874125874125874
ALG,BHC,filtered_leading_corr,-0.5866310160427808
ABBV,XRAY,leading_corr_historical,-0.5859702929929769
CNMD,STE,filtered_leading_corr,-0.5857142857142856
XRAY,ZBH,leading_confidence,-0.5856097633673629
VMI,WNC,filtered_contemp_corr,-0.5848930481283423
BAX,TDOC,leading_confidence,-0.5843952918554848
HY,PRCT,predicted_rev_resid_calibrated,-0.5835893219328621
BHC,HY,predicted_surprise_direction,-0.5833333333333334
ABT,ZTS,filtered_contemp_corr,-0.5833333333333334
CAT,SKIN,filtered_contemp_corr,-0.5833333333333334
BHC,MMM,filtered_contemp_corr,-0.5824175824175825
DE,XRAY,leading_corr_historical,-0.5818181818181819
ASTE,MMM,predicted_surprise_direction,-0.5817744738827396
HY,TXT,contemp_confidence,-0.5799910350025443
ALG,MMM,predicted_rev_resid_calibrated,-0.5794117647058823
HURC,VMI,leading_corr_historical,-0.5785714285714286
HURC,VMI,filtered_leading_corr,-0.5785714285714286
ASTE,HSIC,leading_corr_historical,-0.5785714285714285
APYX,XRAY,predicted_surprise_direction,-0.5773502691896257
IR,MASI,predicted_surprise_direction,-0.5773502691896257
JNJ,XRAY,filtered_contemp_corr,-0.576923076923077
ABBV,HY,filtered_leading_corr,-0.5757575757575757
CNMD,HURC,leading_confidence,-0.5753103110150766
ILMN,NVST,predicted_rev_resid_calibrated,-0.574830585417581
PII,STE,filtered_contemp_corr,-0.5734265734265735
APYX,BSX,filtered_leading_corr,-0.5727272727272729
ALG,BWAY,leading_confidence,-0.5720620850937571
DE,HURC,predicted_rev_resid_calibrated,-0.5714285714285715
IR,STE,predicted_surprise_direction,-0.5714285714285714
ALC,PCAR,leading_corr_historical,-0.5690279135274574
ALC,PCAR,filtered_leading_corr,-0.5690279135274574
HSIC,VMI,contemp_confidence,-0.5667028620822349
IR,SKIN,predicted_rev_resid_calibrated,-0.5666666666666667
PCAR,STE,filtered_leading_corr,-0.5666666666666667
ISRG,XRAY,leading_corr_historical,-0.5665775274016841
ALGN,HSIC,predicted_surprise_direction,-0.5665577237325317
TEX,ZBH,filtered_contemp_corr,-0.564499484004128
ABBV,XRAY,filtered_leading_corr,-0.5639238070123688
TXT,ZBH,filtered_contemp_corr,-0.5639097744360902
DE,XRAY,predicted_rev_resid_calibrated,-0.5636363636363637
CNMD,SKIN,leading_confidence,-0.5632007829817173
APYX,RXST,contemp_confidence,-0.5624999999999999
ALC,MTW,contemp_confidence,-0.5598044706202276
BSX,JNJ,predicted_surprise_direction,-0.5594309277855157
MTW,PCAR,predicted_surprise_direction,-0.5590169943749475
APYX,GM,predicted_rev_resid_calibrated,-0.5588235294117647
ALGN,JNJ,filtered_contemp_corr,-0.5560439560439561
GM,NVST,predicted_rev_resid_calibrated,-0.5558823529411765
ABT,JNJ,predicted_surprise_direction,-0.5547001962252291
BAX,BWAY,contemp_confidence,-0.5533515795073898
BWAY,CNMD,contemp_confidence,-0.5533515795073898
APYX,XRAY,predicted_rev_resid_calibrated,-0.5516483516483517
BAX,MMM,filtered_contemp_corr,-0.5516483516483517
IR,STE,predicted_rev_resid_calibrated,-0.5515151515151515
MASI,PRCT,predicted_rev_resid_calibrated,-0.5515151515151515
IR,PCAR,filtered_leading_corr,-0.5499999999999999
ASTE,HSIC,filtered_leading_corr,-0.5494505494505494
MDT,QGEN,filtered_contemp_corr,-0.5476190476190477
ZBH,ZTS,filtered_contemp_corr,-0.5476190476190477
CAT,HURC,leading_confidence,-0.5463852699919816
TEX,XRAY,leading_corr_historical,-0.5456548956438916
BSX,CNMD,predicted_rev_resid_calibrated,-0.5454545454545455
BHC,PII,leading_corr_historical,-0.5454545454545454
XRAY,XRX,filtered_contemp_corr,-0.5448063668768169
SKIN,ZBH,leading_confidence,-0.544239178478916
APYX,RMD,leading_corr_historical,-0.5439560439560439
NVST,XRAY,filtered_contemp_corr,-0.542266967707079
DE,HSIC,leading_corr_historical,-0.5421052631578946
ALGN,HY,leading_corr_historical,-0.5419537451625185
ALGN,HY,filtered_leading_corr,-0.5419537451625185
JNJ,SKIN,contemp_confidence,-0.5419402061038375
CNMD,ZBH,filtered_contemp_corr,-0.541795665634675
ALG,HURC,filtered_contemp_corr,-0.5414056997630093
IR,PCAR,leading_corr_historical,-0.5393939393939393
ALG,RMD,filtered_contemp_corr,-0.5393939393939393
ISRG,PCAR,leading_confidence,-0.5371836714988268
APYX,BSX,predicted_surprise_direction,-0.5367450401216932
BHC,SKIN,contemp_confidence,-0.5365853658536585
DE,TTC,leading_corr_historical,-0.5357142857142858
DE,TTC,filtered_leading_corr,-0.5357142857142858
HY,IDXX,filtered_leading_corr,-0.5355695416036628
ASTE,PRCT,predicted_surprise_direction,-0.5345224838248487
HY,MDT,predicted_surprise_direction,-0.5345224838248487
GM,PII,filtered_leading_corr,-0.5337662337662338
ABT,CNMD,filtered_leading_corr,-0.5333333333333333
BSX,PII,filtered_leading_corr,-0.5333333333333333
AGCO,XRAY,predicted_surprise_direction,-0.5330017908890261
HURC,ISRG,leading_confidence,-0.5328561180551858
ABBV,MASI,leading_corr_historical,-0.532142857142857
ALC,SKIN,contemp_confidence,-0.5313689313240573
ILMN,JNJ,filtered_contemp_corr,-0.530990532416371
BWAY,TEX,contemp_confidence,-0.5300265019876658
PCAR,WNC,contemp_confidence,-0.5290940172102352
DE,WNC,leading_corr_historical,-0.5287356321839081
APYX,ILMN,filtered_contemp_corr,-0.5285714285714286
BSX,JNJ,leading_confidence,-0.5282933381490685
ALG,BHC,leading_corr_historical,-0.5278060432859195
RMD,WNC,predicted_rev_resid_calibrated,-0.5272727272727273
GM,HSIC,filtered_contemp_corr,-0.5272727272727273
ISRG,XRAY,filtered_leading_corr,-0.5254475397260966
TDOC,XRAY,predicted_rev_resid_calibrated,-0.523809523809524
SKIN,TXT,leading_corr_historical,-0.523809523809524
SKIN,TXT,filtered_leading_corr,-0.523809523809524
VMI,XRX,filtered_leading_corr,-0.523809523809524
LIN,PCAR,filtered_contemp_corr,-0.523809523809524
ISRG,PRCT,predicted_surprise_direction,-0.5238095238095238
JNJ,PRCT,predicted_surprise_direction,-0.5238095238095238
BSX,RMD,contemp_confidence,-0.5201141032938359
ABBV,MDT,filtered_contemp_corr,-0.5194805194805194
ALC,QGEN,leading_confidence,-0.5190281725517787
MMM,WNC,filtered_contemp_corr,-0.5181818181818182
ALC,STE,leading_corr_historical,-0.5181561073041588
BHC,XRAY,contemp_confidence,-0.5180183800924181
ALG,BSX,filtered_leading_corr,-0.5174825174825175
ABT,CNMD,leading_corr_historical,-0.5172932330827067
HSIC,VMI,filtered_leading_corr,-0.5171568627450981
HSIC,QGEN,contemp_confidence,-0.517073178926032
RMD,XRX,filtered_contemp_corr,-0.5166666666666667
BSX,LIN,filtered_contemp_corr,-0.5164835164835164
QGEN,VMI,leading_regime_shift,-0.5163977794943223
IDXX,QGEN,filtered_contemp_corr,-0.5161002296110789
AGCO,TXT,leading_corr_historical,-0.5148516491397435
HY,LIN,predicted_rev_resid_calibrated,-0.5126515753428498
BAX,LIN,filtered_contemp_corr,-0.5117132867132868
VMI,XRX,leading_corr_historical,-0.5095238095238096
NVST,TXT,predicted_surprise_direction,-0.5092010548749034
JNJ,QGEN,filtered_contemp_corr,-0.5090722693309025
DE,HSIC,filtered_leading_corr,-0.5088235294117647
MASI,VMI,contemp_confidence,-0.5087269438664023
HURC,ILMN,leading_confidence,-0.5081613532253229
BHC,HURC,leading_confidence,-0.5071418323409002
NVST,TEX,filtered_contemp_corr,-0.505952380952381
ALGN,MASI,predicted_rev_resid_calibrated,-0.5058823529411764
DE,IR,filtered_contemp_corr,-0.5049019607843138
ABBV,QGEN,leading_corr_historical,-0.5048781642974013
ILMN,IR,predicted_rev_resid_calibrated,-0.5041958041958042
GM,HSIC,filtered_leading_corr,-0.5035714285714286
AGCO,JNJ,filtered_contemp_corr,-0.5032967032967033
ALC,CNMD,predicted_rev_resid_calibrated,-0.5030921754238528
GM,PII,leading_corr_historical,-0.5030769230769231
BAX,ZTS,leading_corr_historical,-0.5030303030303029
BAX,ZTS,filtered_leading_corr,-0.5030303030303029
ISRG,ZTS,filtered_leading_corr,-0.5030303030303029
ALGN,MMM,filtered_contemp_corr,-0.5030303030303029
HY,PCAR,filtered_contemp_corr,-0.5030030300035688
PRCT,ZBH,leading_confidence,-0.5001736671102063
ASTE,XRAY,filtered_contemp_corr,-0.5000123987948392
IDXX,PCAR,leading_corr_historical,-0.5000000000000001
JNJ,PRCT,filtered_leading_corr,-0.5000000000000001
AGCO,PCAR,filtered_contemp_corr,-0.5000000000000001
ISRG,SKIN,predicted_rev_resid_calibrated,-0.5
PCAR,PRCT,predicted_rev_resid_calibrated,-0.5
SKIN,XRX,predicted_rev_resid_calibrated,-0.5
HY,RMD,leading_corr_historical,-0.5
HY,RMD,filtered_leading_corr,-0.5
ALG,BDX,predicted_surprise_direction,-0.5
GM,PRCT,predicted_surprise_direction,-0.5
HY,XRAY,predicted_surprise_direction,-0.5
NVST,SKIN,predicted_surprise_direction,-0.5
ALG,PCAR,filtered_contemp_corr,-0.5
BAX,NVST,filtered_contemp_corr,-0.5
CAT,STE,filtered_contemp_corr,-0.5
ABBV,PCAR,predicted_surprise_direction,-0.4999999999999999
PCAR,QGEN,predicted_surprise_direction,-0.4999999999999999
IR,MASI,predicted_rev_resid_calibrated,-0.49890109890109896
ABBV,IDXX,filtered_contemp_corr,-0.49890109890109896
CNMD,STE,contemp_confidence,-0.49791252484712717
PCAR,TXT,contemp_confidence,-0.49784388818701336
ALGN,STE,predicted_rev_resid_calibrated,-0.49754901960784315
HSIC,PCAR,contemp_confidence,-0.49735836132355743
HURC,IDXX,leading_confidence,-0.49625871738871713
ASTE,ISRG,leading_corr_historical,-0.49610389610389616
DE,GM,predicted_surprise_direction,-0.496024922742699
CNMD,WNC,filtered_contemp_corr,-0.4954545454545455
BSX,BWAY,filtered_contemp_corr,-0.49487165930539356
BWAY,MASI,filtered_contemp_corr,-0.49487165930539356
BWAY,MTW,filtered_contemp_corr,-0.49487165930539356
BWAY,NVST,filtered_contemp_corr,-0.49487165930539356
BWAY,PII,filtered_contemp_corr,-0.49487165930539356
BWAY,XRAY,filtered_contemp_corr,-0.49487165930539356
BWAY,ZBH,filtered_contemp_corr,-0.49487165930539356
MMM,XRAY,filtered_contemp_corr,-0.4945054945054945
MASI,XRX,filtered_leading_corr,-0.4928495831622247
HSIC,VMI,leading_corr_historical,-0.4912280701754386
DE,ZTS,filtered_leading_corr,-0.49090909090909085
MDT,ZTS,filtered_leading_corr,-0.49090909090909085
IR,TEX,filtered_leading_corr,-0.4901960784313726
APYX,HY,predicted_surprise_direction,-0.4879500364742666
ISRG,ZTS,predicted_surprise_direction,-0.4879500364742666
BHC,HSIC,predicted_rev_resid_calibrated,-0.4879329004329004
ABBV,PII,filtered_contemp_corr,-0.487846552600808
ABT,IR,leading_confidence,-0.4871911546387421
HSIC,QGEN,leading_confidence,-0.486024349126467
AGCO,HURC,leading_corr_historical,-0.48571428571428577
AGCO,HURC,filtered_leading_corr,-0.48571428571428577
ASTE,CNMD,predicted_rev_resid_calibrated,-0.4857142857142857
AGCO,APYX,leading_corr_historical,-0.4852941176470588
ABBV,BWAY,leading_confidence,-0.483886703127307
ALC,IDXX,filtered_contemp_corr,-0.48333333333333334
TEX,XRAY,filtered_leading_corr,-0.4829169704328976
NVST,STE,predicted_rev_resid_calibrated,-0.4825174825174825
ASTE,HSIC,filtered_contemp_corr,-0.4825174825174825
CNMD,NVST,filtered_contemp_corr,-0.4825174825174825
DE,ZTS,leading_corr_historical,-0.48181818181818187
BDX,BHC,predicted_surprise_direction,-0.4818056874971401
HURC,RMD,contemp_confidence,-0.48000000000000004
IR,TDOC,contemp_confidence,-0.48
ASTE,DE,filtered_contemp_corr,-0.479876160990712
RMD,STE,filtered_leading_corr,-0.4787878787878787
BSX,XRX,predicted_surprise_direction,-0.47809144373375745
ASTE,ZTS,predicted_surprise_direction,-0.4780914437337574
MDT,RMD,filtered_contemp_corr,-0.47802197802197804
BSX,ZBH,filtered_contemp_corr,-0.4769230769230769
BSX,ILMN,filtered_leading_corr,-0.4764634719911757
JNJ,TDOC,filtered_contemp_corr,-0.4761904761904762
AGCO,APYX,filtered_leading_corr,-0.4755244755244756
ALC,STE,filtered_leading_corr,-0.47338455408838365
ALG,HSIC,filtered_contemp_corr,-0.4727272727272727
BSX,MMM,filtered_contemp_corr,-0.4727272727272727
ASTE,MDT,leading_corr_historical,-0.4716202270381837
ASTE,MDT,filtered_leading_corr,-0.4716202270381837
XRAY,XRX,leading_corr_historical,-0.4704268549380237
IR,TEX,leading_corr_historical,-0.4701298701298702
AGCO,ILMN,leading_corr_historical,-0.4689440028975572
MDT,VMI,leading_confidence,-0.4677191869828331
CNMD,TEX,predicted_rev_resid_calibrated,-0.4676470588235294
ASTE,CNMD,filtered_contemp_corr,-0.4676470588235294
IR,MTW,leading_confidence,-0.4673103437332023
BSX,MMM,contemp_confidence,-0.46727535054823316
HSIC,XRAY,filtered_leading_corr,-0.467074242146171
STE,TEX,predicted_rev_resid_calibrated,-0.46703296703296704
ALG,HY,predicted_surprise_direction,-0.4666666666666667
BSX,ILMN,leading_corr_historical,-0.4661358747514937
XRAY,XRX,filtered_leading_corr,-0.4658501014450003
LIN,TEX,predicted_surprise_direction,-0.4654738190002651
BAX,GM,contemp_confidence,-0.4654096482030378
BAX,TXT,filtered_contemp_corr,-0.46488130823903506
CAT,HSIC,filtered_contemp_corr,-0.4647058823529412
CNMD,STE,predicted_surprise_direction,-0.4644392118594264
ASTE,IR,leading_confidence,-0.4633748498158734
CAT,HURC,contemp_confidence,-0.46335124231782493
PRCT,VMI,contemp_confidence,-0.4625158386426193
ILMN,MMM,filtered_contemp_corr,-0.46236856136256177
HY,ISRG,filtered_leading_corr,-0.46234746910330854
JNJ,PRCT,contemp_confidence,-0.4621909120738129
DE,NVST,filtered_contemp_corr,-0.46153846153846156
HY,XRX,leading_corr_historical,-0.4594227179804091
HY,XRX,filtered_leading_corr,-0.4594227179804091
MMM,XRX,leading_corr_historical,-0.45909090909090905
BAX,TXT,filtered_leading_corr,-0.4584639142709135
QGEN,TEX,leading_regime_shift,-0.4583333333333333
ALG,MDT,contemp_confidence,-0.45732157977165855
TTC,TXT,filtered_contemp_corr,-0.45714285714285724
AGCO,XRAY,leading_confidence,-0.4567911988524345
HY,IDXX,leading_corr_historical,-0.4559291577600484
ASTE,DE,predicted_rev_resid_calibrated,-0.45584415584415583
BHC,PII,leading_confidence,-0.45537280464221885
APYX,HY,predicted_rev_resid_calibrated,-0.4545454545454546
MDT,ZTS,leading_corr_historical,-0.45454545454545453
HSIC,MDT,predicted_surprise_direction,-0.4530333378893934
JNJ,RXST,leading_confidence,-0.4527775724574727
MTW,TDOC,predicted_rev_resid_calibrated,-0.4523809523809524
ABT,SKIN,leading_corr_historical,-0.4523809523809524
BSX,SKIN,leading_corr_historical,-0.4523809523809524
ABT,SKIN,filtered_leading_corr,-0.4523809523809524
BSX,SKIN,filtered_leading_corr,-0.4523809523809524
ALGN,WNC,contemp_confidence,-0.45195055199495027
ALC,RMD,predicted_surprise_direction,-0.45133546692422005
ABBV,HSIC,leading_corr_historical,-0.45112781954887216
ABT,ZBH,filtered_contemp_corr,-0.4500282326369283
IDXX,XRAY,filtered_leading_corr,-0.45
ABBV,TTC,predicted_rev_resid_calibrated,-0.44999999999999996
GM,HSIC,leading_corr_historical,-0.44912280701754387
RMD,XRAY,predicted_surprise_direction,-0.4485426135725303
CNMD,TDOC,leading_confidence,-0.4485222728604892
CNMD,RMD,predicted_rev_resid_calibrated,-0.44545454545454555
APYX,RMD,filtered_leading_corr,-0.44545454545454555
BSX,STE,predicted_rev_resid_calibrated,-0.4450549450549451
CAT,VMI,predicted_surprise_direction,-0.4444444444444444
MDT,WNC,filtered_leading_corr,-0.443859649122807
DE,JNJ,predicted_surprise_direction,-0.4437601569801833
ALC,VMI,leading_corr_historical,-0.443261231646215
ALG,QGEN,contemp_confidence,-0.4431621143869969
AGCO,PCAR,leading_confidence,-0.4429409221130678
BHC,XRX,leading_corr_historical,-0.44291651254398723
BHC,XRX,filtered_leading_corr,-0.44291651254398723
MASI,TEX,filtered_contemp_corr,-0.4428571428571427
BSX,MDT,contemp_confidence,-0.442419802477614
IR,ISRG,filtered_leading_corr,-0.4421052631578948
ABBV,ALG,filtered_leading_corr,-0.4421052631578947
XRAY,ZBH,predicted_rev_resid_calibrated,-0.4419956960878639
ABBV,ALG,leading_corr_historical,-0.4409937888198759
IR,NVST,contemp_confidence,-0.44062225600923355
APYX,HY,contemp_confidence,-0.4396654508299441
ALGN,TEX,filtered_contemp_corr,-0.43859649122807015
QGEN,XRX,leading_regime_shift,-0.4385290096535146
ALGN,SKIN,leading_confidence,-0.4379596609985777
MMM,QGEN,filtered_contemp_corr,-0.43713808458768466
JNJ,NVST,predicted_rev_resid_calibrated,-0.4357142857142856
ASTE,LIN,leading_corr_historical,-0.4357142857142856
ASTE,LIN,filtered_leading_corr,-0.4357142857142856
IDXX,ISRG,leading_corr_historical,-0.4350877192982456
HURC,MMM,contemp_confidence,-0.43490178206822877
ALG,ISRG,contemp_confidence,-0.4348391178782035
ILMN,TEX,predicted_surprise_direction,-0.43378238775237665
HY,TXT,predicted_rev_resid_calibrated,-0.43344360662034936
GM,PRCT,predicted_rev_resid_calibrated,-0.43333333333333335
PCAR,WNC,leading_corr_historical,-0.43333333333333335
PCAR,WNC,filtered_leading_corr,-0.43333333333333335
RMD,ZBH,filtered_leading_corr,-0.43333333333333335
AGCO,LIN,leading_corr_historical,-0.43331668331668327
HSIC,PCAR,leading_regime_shift,-0.4330127018922194
GM,JNJ,filtered_contemp_corr,-0.432967032967033
PRCT,STE,contemp_confidence,-0.4302775317687143
CAT,ILMN,filtered_contemp_corr,-0.4298805415999858
ALC,IR,leading_corr_historical,-0.4288462322430861
GM,MTW,predicted_surprise_direction,-0.4286582706383575
ALC,XRAY,leading_corr_historical,-0.42857142857142866
ALC,XRAY,filtered_leading_corr,-0.42857142857142866
ALG,PRCT,predicted_rev_resid_calibrated,-0.4285714285714286
ALG,SKIN,leading_corr_historical,-0.4285714285714286
SKIN,TEX,leading_corr_historical,-0.4285714285714286
MASI,QGEN,leading_confidence,-0.42857142857142855
PII,RXST,leading_confidence,-0.42857142857142855
IR,RXST,contemp_confidence,-0.42857142857142855
NVST,PRCT,contemp_confidence,-0.42857142857142855
PRCT,RXST,contemp_confidence,-0.42857142857142855
ASTE,BAX,leading_corr_historical,-0.42817013999441444
ALG,BAX,filtered_contemp_corr,-0.4280701754385965
STE,TEX,predicted_surprise_direction,-0.42804964166144993
CAT,MDT,predicted_surprise_direction,-0.42727272727272725
HURC,JNJ,leading_confidence,-0.4267997089387976
ABBV,IR,filtered_leading_corr,-0.4263157894736842
IDXX,TXT,filtered_leading_corr,-0.4262125902992776
ASTE,ILMN,predicted_rev_resid_calibrated,-0.4258741258741259
AGCO,JNJ,leading_corr_historical,-0.42550590462493526
NVST,TXT,contemp_confidence,-0.4252475141983201
ALC,GM,leading_confidence,-0.4246283748643412
ISRG,MASI,leading_regime_shift,-0.4236592728681617
CNMD,PRCT,leading_confidence,-0.42257712736425823
SKIN,ZTS,leading_confidence,-0.42257712736425823
TDOC,VMI,leading_confidence,-0.42257712736425823
HY,LIN,leading_corr_historical,-0.4209082386287581
HY,LIN,filtered_leading_corr,-0.4209082386287581
AGCO,ZTS,leading_confidence,-0.42052952054963155
MTW,TDOC,contemp_confidence,-0.41952353926806063
RXST,VMI,leading_confidence,-0.41926274578121053
ASTE,TEX,filtered_contemp_corr,-0.41920501198238047
CAT,VMI,contemp_confidence,-0.4189006439637226
DE,ZBH,filtered_contemp_corr,-0.41840767927724454
GM,ZTS,leading_corr_historical,-0.41818181818181827
STE,VMI,filtered_leading_corr,-0.41818181818181827
BSX,ZTS,predicted_rev_resid_calibrated,-0.41818181818181815
JNJ,NVST,predicted_surprise_direction,-0.41818181818181815
BHC,PII,predicted_surprise_direction,-0.4181210050035454
MDT,TXT,filtered_leading_corr,-0.41804511278195483
MDT,MTW,leading_confidence,-0.4179702946117487
PRCT,XRAY,contemp_confidence,-0.41781451089836674
PRCT,XRX,contemp_confidence,-0.4178145108983667
BHC,ZTS,predicted_surprise_direction,-0.4177745794683934
ALC,SKIN,leading_confidence,-0.4173650061841515
GM,IDXX,leading_confidence,-0.416847144056603
HY,XRX,filtered_contemp_corr,-0.416813248661316
BSX,MASI,predicted_surprise_direction,-0.4166666666666667
BSX,STE,predicted_surprise_direction,-0.4166666666666667
ILMN,IR,filtered_contemp_corr,-0.4166666666666667
SKIN,TEX,predicted_rev_resid_calibrated,-0.41666666666666663
ISRG,PRCT,contemp_confidence,-0.4157970670625568
HSIC,ZBH,predicted_surprise_direction,-0.415569161037447
CNMD,HY,leading_confidence,-0.41552413042736835
HSIC,XRAY,filtered_contemp_corr,-0.4147575310031267
MASI,TEX,predicted_rev_resid_calibrated,-0.4147058823529412
HSIC,MDT,filtered_contemp_corr,-0.4147058823529412
BAX,XRX,filtered_contemp_corr,-0.4142857142857142
MTW,WNC,predicted_rev_resid_calibrated,-0.4139130434782608
ALG,CAT,filtered_contemp_corr,-0.413828689370485
APYX,BSX,leading_corr_historical,-0.4125874125874127
MMM,XRAY,predicted_rev_resid_calibrated,-0.41208791208791207
IR,ZBH,filtered_leading_corr,-0.4118881118881119
ABBV,HSIC,filtered_leading_corr,-0.4117647058823529
IR,ISRG,leading_corr_historical,-0.4116883116883117
BHC,TTC,predicted_surprise_direction,-0.41089070180665904
BAX,XRAY,predicted_surprise_direction,-0.41079191812887467
ABT,APYX,filtered_contemp_corr,-0.4107142857142856
BHC,STE,leading_corr_historical,-0.4090909090909091
ALG,ASTE,filtered_leading_corr,-0.40845635189933227
CAT,PCAR,predicted_surprise_direction,-0.4082482904638631
PCAR,TEX,leading_regime_shift,-0.408248290463863
CNMD,RMD,predicted_surprise_direction,-0.408248290463863
TXT,ZTS,predicted_surprise_direction,-0.408248290463863
WNC,ZTS,predicted_surprise_direction,-0.408248290463863
HSIC,ISRG,filtered_contemp_corr,-0.40765279616089267
ALC,JNJ,predicted_rev_resid_calibrated,-0.4074185850253474
HURC,MMM,leading_confidence,-0.40694010121517854
ALC,PRCT,filtered_contemp_corr,-0.4068381021724862
BSX,HSIC,leading_corr_historical,-0.40659340659340654
BSX,HSIC,filtered_leading_corr,-0.40659340659340654
MTW,QGEN,predicted_rev_resid_calibrated,-0.4065272722424943
ALG,ASTE,leading_corr_historical,-0.4063044756686117
ALG,TEX,contemp_confidence,-0.4062973278859945
ASTE,TDOC,predicted_rev_resid_calibrated,-0.406060606060606
GM,QGEN,filtered_contemp_corr,-0.405764222117922
ILMN,WNC,leading_confidence,-0.4053998763039042
ALC,JNJ,predicted_surprise_direction,-0.4050462936504913
PCAR,TEX,filtered_leading_corr,-0.4047619047619048
ALG,TDOC,filtered_contemp_corr,-0.4047619047619048
PRCT,ZBH,filtered_contemp_corr,-0.4047619047619048
BDX,MTW,predicted_surprise_direction,-0.4045100254364917
AGCO,MDT,filtered_leading_corr,-0.40441176470588236
ALC,PII,filtered_contemp_corr,-0.40397744718229534
ABBV,APYX,leading_corr_historical,-0.4035714285714285
ABBV,STE,leading_corr_historical,-0.4035714285714285
IR,MMM,predicted_rev_resid_calibrated,-0.40294117647058825
QGEN,TEX,predicted_surprise_direction,-0.4025974025974025
AGCO,CNMD,filtered_leading_corr,-0.4021978021978022
MTW,TDOC,leading_confidence,-0.40105559244984246
MDT,QGEN,leading_corr_historical,-0.39999999999999997
PCAR,TEX,leading_corr_historical,-0.39999999999999997
PCAR,XRX,leading_corr_historical,-0.39999999999999997
PCAR,XRX,filtered_leading_corr,-0.39999999999999997
GM,MMM,leading_regime_shift,-0.39999999999999997
ALC,BHC,filtered_contemp_corr,-0.3995623931147292
AGCO,IR,predicted_rev_resid_calibrated,-0.3995388669301714
ALGN,HURC,leading_confidence,-0.3995097560136398
BWAY,MTW,contemp_confidence,-0.3995049520210302
HURC,TTC,predicted_surprise_direction,-0.3995038330597087
BSX,HY,contemp_confidence,-0.39936658709270595
HY,ISRG,leading_corr_historical,-0.39889996471352884
HOLX,TTC,predicted_surprise_direction,-0.3987788933886004
AGCO,LIN,filtered_leading_corr,-0.39848484848484855
RXST,TEX,contemp_confidence,-0.3978954424626274
AGCO,BWAY,predicted_rev_resid_calibrated,-0.39754945855712137
BHC,BWAY,predicted_rev_resid_calibrated,-0.39754945855712137
ALC,HY,predicted_surprise_direction,-0.3968626966596886
BAX,HURC,contemp_confidence,-0.396730043198374
MASI,TDOC,predicted_surprise_direction,-0.3952847075210474
HURC,JNJ,contemp_confidence,-0.3952847075210474
MTW,WNC,predicted_surprise_direction,-0.3947710169758614
ASTE,ISRG,filtered_leading_corr,-0.39473684210526316
ALC,MMM,filtered_contemp_corr,-0.3945120158369459
ILMN,TXT,leading_confidence,-0.3941105516895153
APYX,STE,filtered_contemp_corr,-0.3939393939393939
ASTE,NVST,predicted_surprise_direction,-0.39381614340393484
ABBV,APYX,filtered_leading_corr,-0.3934065934065934
ALC,XRAY,leading_confidence,-0.39233578076039
BAX,PRCT,contemp_confidence,-0.3913118960624632
ALC,IR,filtered_leading_corr,-0.39113525600795246
CAT,LIN,filtered_contemp_corr,-0.39090909090909093
DE,GM,predicted_rev_resid_calibrated,-0.39025725232621783
MDT,TXT,leading_corr_historical,-0.3901750423489555
DE,HSIC,predicted_surprise_direction,-0.389819383765292
QGEN,STE,leading_regime_shift,-0.3892494720807615
JNJ,RMD,predicted_rev_resid_calibrated,-0.389010989010989
CNMD,HY,leading_corr_historical,-0.38879218992778225
CNMD,HY,filtered_leading_corr,-0.38879218992778225
APYX,ISRG,leading_corr_historical,-0.38823529411764707
ABT,ALC,leading_corr_historical,-0.3881587973696037
ALC,NVST,filtered_contemp_corr,-0.3873335483621993
ALGN,CAT,predicted_surprise_direction,-0.3872983346207417
IDXX,ISRG,filtered_leading_corr,-0.3872549019607844
ALG,MMM,contemp_confidence,-0.38666604166971263
BAX,TXT,leading_corr_historical,-0.3866067375272664
ABBV,IR,leading_corr_historical,-0.38571428571428573
JNJ,TXT,filtered_contemp_corr,-0.3857142857142856
CNMD,IDXX,predicted_rev_resid_calibrated,-0.3852941176470588
AGCO,BWAY,predicted_surprise_direction,-0.38490017945975047
BAX,BWAY,predicted_surprise_direction,-0.38490017945975047
BWAY,PII,predicted_surprise_direction,-0.38490017945975047
BWAY,VMI,predicted_surprise_direction,-0.38490017945975047
BSX,LIN,predicted_rev_resid_calibrated,-0.38461538461538464
STE,TEX,leading_corr_historical,-0.38461538461538464
BSX,TXT,predicted_rev_resid_calibrated,-0.38333333333333336
ISRG,PRCT,filtered_contemp_corr,-0.38333333333333336
ALG,ZBH,filtered_contemp_corr,-0.38273809523809527
APYX,VMI,contemp_confidence,-0.3821775965378384
PII,ZTS,contemp_confidence,-0.3821711555740383
CAT,VMI,predicted_rev_resid_calibrated,-0.38214285714285706
IR,ZTS,predicted_rev_resid_calibrated,-0.38181818181818183
ISRG,ZTS,leading_corr_historical,-0.38181818181818183
ABT,ZTS,filtered_leading_corr,-0.38181818181818183
IR,MASI,filtered_leading_corr,-0.38181818181818183
PCAR,TDOC,predicted_rev_resid_calibrated,-0.38095238095238104
TDOC,ZBH,predicted_rev_resid_calibrated,-0.38095238095238104
ILMN,SKIN,leading_corr_historical,-0.38095238095238104
IR,RMD,filtered_leading_corr,-0.38095238095238104
HY,SKIN,filtered_contemp_corr,-0.38095238095238104
BHC,QGEN,leading_corr_historical,-0.38050971707388076
BHC,QGEN,filtered_leading_corr,-0.38050971707388076
MDT,VMI,leading_corr_historical,-0.38010634927811937
ALC,VMI,filtered_leading_corr,-0.38002345896227196
IDXX,ZTS,leading_confidence,-0.37971134158838465
BWAY,PII,contemp_confidence,-0.37965377428085484
JNJ,XRAY,leading_confidence,-0.3791551059221406
HY,MTW,predicted_surprise_direction,-0.37909944487358055
ILMN,SKIN,contemp_confidence,-0.37891006998206944
BAX,NVST,predicted_surprise_direction,-0.37887154860200867
BAX,HURC,leading_confidence,-0.3786479957596681
ABT,LIN,filtered_contemp_corr,-0.37857142857142856
ALGN,ILMN,predicted_surprise_direction,-0.3779644730092272
CAT,GM,leading_regime_shift,-0.37796447300922714
IR,MMM,filtered_contemp_corr,-0.37762237762237766
IR,MDT,filtered_leading_corr,-0.37719298245614036
HY,NVST,filtered_contemp_corr,-0.3765723339400754
ABT,HURC,leading_confidence,-0.3764297385620915
IR,MASI,leading_corr_historical,-0.3758241758241759
LIN,MASI,filtered_leading_corr,-0.3758241758241759
ABBV,TEX,predicted_rev_resid_calibrated,-0.37362637362637363
IR,XRX,filtered_contemp_corr,-0.3736263736263736
IDXX,ILMN,predicted_rev_resid_calibrated,-0.3722830140632735
CAT,HY,leading_regime_shift,-0.3721042037676253
AGCO,SKIN,contemp_confidence,-0.37191974928694727
QGEN,XRX,leading_corr_historical,-0.3715230972156453
MDT,STE,filtered_contemp_corr,-0.3712790282193235
AGCO,BAX,filtered_contemp_corr,-0.37126696832579187
ALG,MASI,predicted_surprise_direction,-0.37090055512641945
HY,TDOC,predicted_rev_resid_calibrated,-0.3708223816448394
PII,TEX,predicted_surprise_direction,-0.37073364955723553
BSX,ISRG,filtered_contemp_corr,-0.3706293706293707
MMM,WNC,leading_regime_shift,-0.3704792868174742
BSX,IDXX,contemp_confidence,-0.3703718734938234
BAX,BWAY,predicted_rev_resid_calibrated,-0.3701322545186992
BWAY,IDXX,predicted_rev_resid_calibrated,-0.3701322545186992
CAT,PCAR,predicted_rev_resid_calibrated,-0.3696969696969697
ABBV,ZTS,leading_corr_historical,-0.3696969696969697
PCAR,ZBH,leading_corr_historical,-0.3696969696969697
BHC,STE,filtered_leading_corr,-0.3696969696969697
BHC,XRX,contemp_confidence,-0.36941213351051083
BAX,PRCT,leading_confidence,-0.3684943013939604
MASI,MTW,contemp_confidence,-0.36819057531849736
ABT,ISRG,leading_corr_historical,-0.36813186813186816
BHC,CAT,predicted_surprise_direction,-0.36803496498258903
MTW,XRAY,contemp_confidence,-0.3679366229265117
NVST,QGEN,contemp_confidence,-0.3678836036909795
BHC,CAT,filtered_contemp_corr,-0.36764705882352944
ALG,MTW,filtered_leading_corr,-0.3675824175824176
IR,TEX,filtered_contemp_corr,-0.367032967032967
ABT,MASI,leading_regime_shift,-0.3668996928526715
ASTE,ZTS,predicted_rev_resid_calibrated,-0.3666666666666667
APYX,RMD,filtered_contemp_corr,-0.3666666666666667
MMM,XRX,filtered_leading_corr,-0.36666666666666664
DE,TDOC,leading_confidence,-0.3660701475689823
ALGN,TDOC,contemp_confidence,-0.3660701475689823
BWAY,NVST,contemp_confidence,-0.3656000086660744
APYX,TEX,predicted_rev_resid_calibrated,-0.3651960784313726
PCAR,STE,leading_regime_shift,-0.36514837167011077
IDXX,XRAY,predicted_surprise_direction,-0.36514837167011077
AGCO,ISRG,filtered_leading_corr,-0.36428571428571427
CNMD,STE,filtered_contemp_corr,-0.3642737635359401
ALGN,ZTS,leading_confidence,-0.3642596304591976
JNJ,ZTS,predicted_rev_resid_calibrated,-0.3636363636363637
BSX,XRAY,leading_corr_historical,-0.3636363636363637
BSX,MMM,predicted_rev_resid_calibrated,-0.36363636363636365
APYX,DE,filtered_leading_corr,-0.36363636363636365
STE,ZBH,leading_regime_shift,-0.36363636363636365
ALG,ALGN,contemp_confidence,-0.3635136484527668
QGEN,XRX,filtered_leading_corr,-0.3632257825143414
STE,VMI,predicted_surprise_direction,-0.3631365196012815
BSX,ILMN,contemp_confidence,-0.3628319593525233
ABT,BDX,predicted_surprise_direction,-0.36273812505500586
ALC,STE,filtered_contemp_corr,-0.3619904402925108
IDXX,VMI,leading_confidence,-0.3616018845700825
ABT,CAT,filtered_contemp_corr,-0.3614035087719299
ASTE,DE,predicted_surprise_direction,-0.3611111111111111
JNJ,STE,filtered_contemp_corr,-0.3607711311942483
BHC,GM,filtered_contemp_corr,-0.3607142857142856
NVST,PCAR,leading_confidence,-0.3603877099589704
BSX,LIN,contemp_confidence,-0.36031649688744993
ABBV,HURC,leading_confidence,-0.3600228023625521
IR,ZBH,leading_corr_historical,-0.3598901098901099
HURC,TEX,leading_confidence,-0.3598604436445654
HSIC,XRAY,leading_corr_historical,-0.35983578576496095
PII,TDOC,leading_confidence,-0.35966207639770204
ISRG,PII,leading_confidence,-0.35831271414979193
CAT,CNMD,leading_corr_historical,-0.35824175824175825
MDT,STE,filtered_leading_corr,-0.35824175824175825
APYX,CAT,leading_regime_shift,-0.35805743701971643
APYX,HSIC,predicted_surprise_direction,-0.35783002674779546
IDXX,MASI,filtered_contemp_corr,-0.35757575757575755
ABBV,TDOC,leading_confidence,-0.35754847096709713
MTW,PRCT,predicted_rev_resid_calibrated,-0.3571428571428572
MASI,VMI,leading_corr_historical,-0.3571428571428571
CNMD,GM,leading_regime_shift,-0.3569401310833123
BDX,TEX,predicted_surprise_direction,-0.35675303400633784
HSIC,MASI,predicted_surprise_direction,-0.35654260512960917
BWAY,MASI,predicted_rev_resid_calibrated,-0.35642365249948815
BWAY,VMI,predicted_rev_resid_calibrated,-0.35642365249948815
HY,NVST,predicted_surprise_direction,-0.3563483225498992
ABT,MTW,contemp_confidence,-0.35627530364372473
HOLX,MDT,predicted_surprise_direction,-0.3562602809617612
HURC,MDT,predicted_surprise_direction,-0.3562602809617612
HURC,QGEN,leading_confidence,-0.3555285645684319
HSIC,QGEN,predicted_rev_resid_calibrated,-0.35514240260228874
HY,MASI,predicted_surprise_direction,-0.3549508565715864
IR,PCAR,predicted_rev_resid_calibrated,-0.3545454545454546
HSIC,ILMN,predicted_rev_resid_calibrated,-0.3538461538461538
HY,MMM,leading_regime_shift,-0.35355339059327373
APYX,CNMD,leading_corr_historical,-0.3529411764705882
AGCO,CNMD,contemp_confidence,-0.3523421029655403
BHC,PII,filtered_contemp_corr,-0.35187969924812035
GM,HSIC,contemp_confidence,-0.3518355509622683
MASI,NVST,predicted_rev_resid_calibrated,-0.3516483516483516
CNMD,IR,filtered_contemp_corr,-0.3516483516483516
ABBV,PRCT,leading_confidence,-0.3514998201309974
SKIN,ZTS,contemp_confidence,-0.3514998201309974
HY,PRCT,filtered_contemp_corr,-0.35146751167740364
MTW,PII,predicted_rev_resid_calibrated,-0.350848385331144
ALGN,CAT,leading_regime_shift,-0.3508232077228117
ABT,RMD,contemp_confidence,-0.3502210042569648
MTW,PCAR,contemp_confidence,-0.35018775948591063
APYX,BHC,leading_corr_historical,-0.35000000000000003
LIN,PII,predicted_surprise_direction,-0.35000000000000003
MTW,SKIN,predicted_rev_resid_calibrated,-0.35
APYX,HY,filtered_contemp_corr,-0.35
MTW,XRX,contemp_confidence,-0.34911302705102504
TEX,TXT,leading_regime_shift,-0.3484242417695034
BWAY,CAT,contemp_confidence,-0.34826301657349623
BWAY,WNC,contemp_confidence,-0.34826301657349623
IR,JNJ,leading_corr_historical,-0.3482526712204081
BAX,HURC,filtered_contemp_corr,-0.3478626213914691
TXT,ZBH,predicted_rev_resid_calibrated,-0.34782608695652173
ISRG,MTW,contemp_confidence,-0.34690308489521215
QGEN,TXT,leading_regime_shift,-0.3468729675471602
ALC,QGEN,leading_regime_shift,-0.3464101615137755
CAT,ILMN,leading_regime_shift,-0.3464101615137754
ILMN,WNC,filtered_contemp_corr,-0.3461877633630953
IDXX,MTW,leading_corr_historical,-0.3456140350877193
IDXX,MTW,filtered_leading_corr,-0.34558823529411764
ABBV,XRX,leading_confidence,-0.34548428536296627
ABBV,LIN,filtered_contemp_corr,-0.34545454545454546
IR,NVST,filtered_contemp_corr,-0.34545454545454546
APYX,ISRG,filtered_leading_corr,-0.3450549450549451
MASI,MDT,contemp_confidence,-0.34456470310748966
HY,LIN,predicted_surprise_direction,-0.34426518632954817
APYX,VMI,leading_corr_historical,-0.34411764705882353
ASTE,BAX,filtered_leading_corr,-0.34358358112136905
APYX,TDOC,leading_confidence,-0.3435822761549333
BSX,SKIN,contemp_confidence,-0.3435822761549333
BSX,XRX,contemp_confidence,-0.3435822761549333
NVST,SKIN,contemp_confidence,-0.3435822761549333
MASI,NVST,contemp_confidence,-0.34303119609436533
TDOC,TXT,leading_confidence,-0.34291382751370236
IR,RMD,predicted_rev_resid_calibrated,-0.3426573426573427
BAX,BDX,predicted_surprise_direction,-0.34188172937891387
SKIN,STE,contemp_confidence,-0.34166792753302827
AGCO,HY,predicted_rev_resid_calibrated,-0.34103430977743227
ABBV,MMM,filtered_contemp_corr,-0.34065934065934067
AGCO,GM,filtered_leading_corr,-0.3406593406593406
ILMN,TEX,predicted_rev_resid_calibrated,-0.3402157101052783
QGEN,ZBH,filtered_leading_corr,-0.34018038059282646
PII,RMD,leading_confidence,-0.33947772657450076
IR,XRX,leading_confidence,-0.33935243897706446
DE,MASI,predicted_surprise_direction,-0.3392857142857143
ILMN,VMI,predicted_surprise_direction,-0.3392857142857143
DE,RMD,predicted_rev_resid_calibrated,-0.3382352941176471
AGCO,MASI,leading_corr_historical,-0.3382352941176471
BHC,CAT,filtered_leading_corr,-0.3382352941176471
DE,IR,filtered_leading_corr,-0.33766233766233766
GM,PRCT,contemp_confidence,-0.33728401118594503
ASTE,MASI,leading_regime_shift,-0.3370999312316211
IDXX,TXT,leading_corr_historical,-0.33684210526315783
LIN,ZTS,leading_corr_historical,-0.33636363636363636
LIN,ZTS,filtered_leading_corr,-0.33636363636363636
CNMD,NVST,filtered_leading_corr,-0.3362637362637363
MTW,PCAR,leading_confidence,-0.33615996475164467
BHC,LIN,contemp_confidence,-0.3357189867172643
RMD,ZBH,leading_corr_historical,-0.3356643356643357
MASI,VMI,filtered_leading_corr,-0.3356643356643357
APYX,XRAY,filtered_contemp_corr,-0.3356643356643357
IR,MDT,filtered_contemp_corr,-0.33529411764705885
BHC,HSIC,predicted_surprise_direction,-0.3350703768860558
BWAY,HY,contemp_confidence,-0.3349886243654602
QGEN,ZBH,leading_corr_historical,-0.33496528048505975
TXT,ZBH,predicted_surprise_direction,-0.3334798212917705
BHC,ZTS,leading_corr_historical,-0.3333333333333334
BHC,ZTS,filtered_leading_corr,-0.3333333333333334
RMD,WNC,filtered_contemp_corr,-0.3333333333333334
HSIC,TDOC,predicted_rev_resid_calibrated,-0.33333333333333337
PCAR,SKIN,predicted_rev_resid_calibrated,-0.33333333333333337
BAX,MASI,leading_regime_shift,-0.3333333333333333
BAX,DE,predicted_surprise_direction,-0.3333333333333333
MDT,PII,predicted_surprise_direction,-0.3333333333333333
ASTE,PRCT,predicted_rev_resid_calibrated,-0.33333333333333326
HY,MDT,predicted_rev_resid_calibrated,-0.33333333333333326
PII,ZTS,filtered_leading_corr,-0.33333333333333326
STE,TEX,filtered_leading_corr,-0.33333333333333326
APYX,PCAR,leading_regime_shift,-0.33333333333333326
PCAR,WNC,leading_regime_shift,-0.33333333333333326
PCAR,XRAY,leading_regime_shift,-0.33333333333333326
JNJ,ZTS,predicted_surprise_direction,-0.33333333333333326
DE,VMI,filtered_contemp_corr,-0.33300395256917
GM,XRAY,filtered_leading_corr,-0.33275007246071453
ALG,MTW,leading_corr_historical,-0.3326599870717518
MDT,TEX,predicted_rev_resid_calibrated,-0.3325804630152457
BDX,HOLX,predicted_surprise_direction,-0.33253873546101453
ASTE,XRX,predicted_rev_resid_calibrated,-0.3323529411764706
LIN,MASI,leading_corr_historical,-0.3323529411764706
DE,MTW,filtered_contemp_corr,-0.33224614831954
BAX,GM,leading_confidence,-0.33221447064766235
JNJ,MASI,filtered_contemp_corr,-0.3321428571428571
HSIC,TEX,predicted_surprise_direction,-0.3319568649619408
QGEN,XRAY,contemp_confidence,-0.3318548417004706
ALGN,JNJ,predicted_surprise_direction,-0.3314967720658979
IR,MDT,leading_corr_historical,-0.3314511575381141
ASTE,CAT,filtered_leading_corr,-0.3308823529411765
ISRG,ZTS,leading_confidence,-0.3305970026007646
JNJ,WNC,contemp_confidence,-0.33016453346897306
CNMD,XRAY,predicted_rev_resid_calibrated,-0.3297512220570208
BSX,JNJ,leading_corr_historical,-0.32967032967032966
ALG,ILMN,predicted_rev_resid_calibrated,-0.3296370296370296
BHC,LIN,leading_confidence,-0.32881561783486807
PII,RMD,filtered_contemp_corr,-0.32867132867132864
CAT,WNC,leading_regime_shift,-0.3286042355744906
CNMD,NVST,leading_corr_historical,-0.3285714285714285
BHC,WNC,filtered_leading_corr,-0.32843137254901966
ILMN,QGEN,contemp_confidence,-0.3277634511411725
APYX,VMI,filtered_leading_corr,-0.3274725274725274
HY,PII,leading_corr_historical,-0.327373074489034
HY,XRAY,leading_regime_shift,-0.32732683535398854
MMM,TDOC,leading_regime_shift,-0.3273268353539885
VMI,ZTS,predicted_surprise_direction,-0.3273268353539885
NVST,PCAR,predicted_rev_resid_calibrated,-0.3272727272727273
BSX,NVST,filtered_leading_corr,-0.3272727272727273
ASTE,ILMN,predicted_surprise_direction,-0.32702267237914406
ABT,ALGN,predicted_rev_resid_calibrated,-0.32695652173913037
HURC,ZBH,leading_confidence,-0.326530612244898
AGCO,MDT,leading_corr_historical,-0.32608695652173914
HSIC,XRAY,predicted_rev_resid_calibrated,-0.32517785314411984
APYX,BHC,filtered_leading_corr,-0.32499999999999996
ABBV,XRAY,leading_regime_shift,-0.3238751378156478
ASTE,MMM,leading_corr_historical,-0.3235294117647059
ABBV,HY,contemp_confidence,-0.3235076939083269
BSX,VMI,contemp_confidence,-0.3233352327395882
JNJ,ZBH,predicted_rev_resid_calibrated,-0.32301341589267285
DE,IDXX,filtered_leading_corr,-0.32301341589267285
DE,RMD,predicted_surprise_direction,-0.3227765545771628
ABT,ISRG,filtered_leading_corr,-0.32272727272727275
AGCO,IR,predicted_surprise_direction,-0.32250054997125605
MASI,XRX,leading_corr_historical,-0.32229589299362993
HURC,ZBH,contemp_confidence,-0.32227556371692206
ABT,PII,leading_corr_historical,-0.3220779220779221
STE,XRAY,predicted_surprise_direction,-0.3217773006854132
ABBV,HURC,contemp_confidence,-0.3217416937117952
ALGN,RMD,predicted_rev_resid_calibrated,-0.3216783216783217
CAT,XRX,filtered_leading_corr,-0.3216783216783217
VMI,ZTS,contemp_confidence,-0.32152508203618957
BHC,TDOC,leading_corr_historical,-0.3214285714285715
HSIC,TDOC,leading_corr_historical,-0.3214285714285715
CAT,IDXX,filtered_leading_corr,-0.3214285714285714
ABBV,XRX,filtered_contemp_corr,-0.3214285714285714
IR,ZBH,leading_confidence,-0.32130316570118467
BWAY,MDT,contemp_confidence,-0.32126470265858953
ALG,TDOC,predicted_rev_resid_calibrated,-0.32121212121212117
BHC,CAT,leading_corr_historical,-0.32094943240454077
DE,IR,leading_corr_historical,-0.3208695652173913
IDXX,MASI,leading_confidence,-0.3206614672352312
MASI,ZBH,leading_regime_shift,-0.32025630761017426
ILMN,XRX,leading_confidence,-0.31965162274962816
ASTE,CAT,leading_corr_historical,-0.3192982456140351
HURC,MDT,contemp_confidence,-0.3192754284070505
PCAR,TDOC,contemp_confidence,-0.3192754284070505
DE,QGEN,leading_confidence,-0.31923076923076926
BHC,WNC,leading_corr_historical,-0.31879699248120297
BAX,SKIN,leading_confidence,-0.3187883565316691
APYX,BSX,predicted_rev_resid_calibrated,-0.3186813186813187
BSX,TEX,filtered_contemp_corr,-0.3186813186813187
IDXX,LIN,predicted_rev_resid_calibrated,-0.3181818181818182
LIN,MTW,filtered_contemp_corr,-0.3178571428571428
PRCT,VMI,leading_confidence,-0.31763696494278315
MMM,NVST,leading_confidence,-0.3173845052785556
DE,ISRG,filtered_contemp_corr,-0.3170642723215176
SKIN,XRAY,predicted_rev_resid_calibrated,-0.31666666666666665
ABBV,ZTS,filtered_leading_corr,-0.31666666666666665
ASTE,MASI,filtered_leading_corr,-0.31666666666666665
GM,XRAY,leading_regime_shift,-0.31622776601683794
MMM,MTW,leading_regime_shift,-0.31622776601683794
TXT,XRAY,leading_regime_shift,-0.31622776601683794
BAX,XRX,predicted_surprise_direction,-0.31622776601683794
BHC,TDOC,predicted_surprise_direction,-0.31622776601683794
LIN,XRAY,predicted_surprise_direction,-0.31622776601683794
SKIN,XRX,predicted_surprise_direction,-0.31622776601683794
APYX,NVST,contemp_confidence,-0.3147449631919557
CAT,MASI,filtered_contemp_corr,-0.3147058823529411
JNJ,MMM,predicted_rev_resid_calibrated,-0.31468531468531474
TEX,ZTS,predicted_rev_resid_calibrated,-0.31468531468531474
CAT,CNMD,filtered_leading_corr,-0.31468531468531474
CNMD,HURC,contemp_confidence,-0.31455704805182194
HY,MMM,filtered_contemp_corr,-0.3143516128289616
LIN,STE,predicted_rev_resid_calibrated,-0.3142857142857143
ALC,PII,leading_confidence,-0.313869370853954
MASI,PCAR,leading_confidence,-0.31370986787279487
GM,ILMN,contemp_confidence,-0.31367529642603376
MMM,TXT,filtered_leading_corr,-0.3135262370180545
ABT,ISRG,predicted_rev_resid_calibrated,-0.31343656343656345
ALC,ALGN,predicted_rev_resid_calibrated,-0.31319954058249666
ABBV,ILMN,leading_corr_historical,-0.31319954058249666
HSIC,TXT,leading_regime_shift,-0.3131121455425747
ALGN,CNMD,filtered_contemp_corr,-0.31287878787878787
APYX,STE,leading_confidence,-0.31246848580592684
BSX,DE,leading_confidence,-0.3122921427763562
ASTE,MDT,predicted_rev_resid_calibrated,-0.31228070175438594
PII,QGEN,filtered_contemp_corr,-0.3122660871937943
ABT,STE,predicted_surprise_direction,-0.31186716190213326
CAT,HY,filtered_contemp_corr,-0.3117342784105641
HY,JNJ,filtered_contemp_corr,-0.3117342784105641
LIN,TXT,leading_corr_historical,-0.31127450980392163
LIN,TXT,filtered_leading_corr,-0.31127450980392163
MTW,STE,contemp_confidence,-0.31075933189756455
APYX,CNMD,filtered_leading_corr,-0.3107142857142856
IDXX,TEX,filtered_contemp_corr,-0.3107142857142856
BHC,PCAR,predicted_surprise_direction,-0.3105295017040594
BSX,IDXX,predicted_surprise_direction,-0.3105295017040594
NVST,PCAR,predicted_surprise_direction,-0.3105295017040594
DE,IDXX,leading_corr_historical,-0.3103896103896104
MASI,TEX,predicted_surprise_direction,-0.3098898934004561
MASI,TXT,predicted_surprise_direction,-0.3098898934004561
ILMN,PII,leading_confidence,-0.3096361541527311
BSX,TXT,leading_corr_historical,-0.30952380952380953
PCAR,PRCT,leading_corr_historical,-0.30952380952380953
BSX,TXT,filtered_leading_corr,-0.30952380952380953
PCAR,PRCT,filtered_leading_corr,-0.30952380952380953
DE,HURC,filtered_contemp_corr,-0.30952380952380953
MMM,TDOC,contemp_confidence,-0.30949787372837345
HOLX,QGEN,leading_regime_shift,-0.309344112444873
QGEN,TXT,filtered_contemp_corr,-0.30927405794583557
MTW,PII,predicted_surprise_direction,-0.30921121901463916
PCAR,XRAY,predicted_rev_resid_calibrated,-0.309090909090909
APYX,MTW,contemp_confidence,-0.3086220025587045
ABBV,CNMD,leading_regime_shift,-0.3086066999241838
ALC,TDOC,predicted_surprise_direction,-0.3086066999241838
ABT,QGEN,predicted_surprise_direction,-0.30860669992418377
ALC,GM,leading_regime_shift,-0.30825739964255383
BHC,HURC,contemp_confidence,-0.3080357142857143
GM,MMM,filtered_leading_corr,-0.3076923076923077
IDXX,ILMN,contemp_confidence,-0.30752386605944443
STE,XRAY,predicted_rev_resid_calibrated,-0.30732619307658715
DE,NVST,contemp_confidence,-0.3068300708204829
CAT,TXT,leading_regime_shift,-0.3067859955389482
HY,JNJ,leading_confidence,-0.30665908231154737
WNC,ZBH,filtered_leading_corr,-0.3065015479876161
MDT,ZTS,contemp_confidence,-0.3063938952923254
AGCO,VMI,filtered_contemp_corr,-0.30637254901960786
ABT,ALC,filtered_leading_corr,-0.30631873731649006
TEX,TXT,predicted_surprise_direction,-0.3056523021734048
RMD,WNC,contemp_confidence,-0.30557729884444695
ILMN,VMI,leading_regime_shift,-0.3055050463303894
BSX,JNJ,predicted_rev_resid_calibrated,-0.3054945054945055
MMM,VMI,filtered_contemp_corr,-0.3053030303030303
HSIC,MDT,predicted_rev_resid_calibrated,-0.30526315789473685
DE,ZBH,contemp_confidence,-0.305242422685843
BHC,ISRG,leading_corr_historical,-0.3051948051948052
JNJ,PII,predicted_surprise_direction,-0.305085107923876
ALG,MASI,filtered_contemp_corr,-0.3046796896441742
IDXX,TEX,leading_corr_historical,-0.3045518207282914
DE,JNJ,predicted_rev_resid_calibrated,-0.30443756449948395
STE,XRX,predicted_surprise_direction,-0.3043222713143538
ALGN,HY,predicted_surprise_direction,-0.3042903097250923
MASI,RMD,leading_confidence,-0.30374458038055663
DE,MASI,filtered_contemp_corr,-0.30363054676958484
CNMD,RMD,leading_confidence,-0.30360864070511373
CAT,MTW,leading_regime_shift,-0.303488489333442
ASTE,LIN,predicted_rev_resid_calibrated,-0.3029411764705882
ABT,IR,filtered_leading_corr,-0.3025974025974026
CNMD,GM,predicted_rev_resid_calibrated,-0.3023735810113519
BSX,NVST,leading_corr_historical,-0.3021978021978022
ILMN,ISRG,filtered_contemp_corr,-0.3019353830170763
APYX,STE,leading_regime_shift,-0.30151134457776363
BDX,WNC,predicted_surprise_direction,-0.30151134457776363
ABT,HY,predicted_rev_resid_calibrated,-0.30143032541618203
ISRG,LIN,leading_confidence,-0.3007472424469787
ALGN,ZTS,predicted_rev_resid_calibrated,-0.30069930069930073
ABBV,HURC,leading_corr_historical,-0.3
ABT,PRCT,leading_corr_historical,-0.3
JNJ,PRCT,leading_corr_historical,-0.3
ABBV,HURC,filtered_leading_corr,-0.3
ABT,PRCT,filtered_leading_corr,-0.3
NVST,TDOC,contemp_confidence,-0.3
BSX,XRX,filtered_contemp_corr,-0.3
BAX,TEX,predicted_surprise_direction,-0.2991876530680141
ISRG,STE,leading_confidence,-0.29877359096565165
BAX,PII,filtered_contemp_corr,-0.2987012987012987
GM,ILMN,filtered_leading_corr,-0.2984934141901143
GM,MTW,predicted_rev_resid_calibrated,-0.2984615384615385
ABT,WNC,leading_corr_historical,-0.2984189723320158
BAX,TEX,filtered_contemp_corr,-0.2967032967032967
CNMD,LIN,filtered_contemp_corr,-0.2967032967032967
APYX,BAX,predicted_rev_resid_calibrated,-0.29656862745098045
AGCO,CNMD,leading_corr_historical,-0.29656862745098045
GM,ISRG,leading_regime_shift,-0.2961744388795462
BAX,ZBH,predicted_surprise_direction,-0.2961744388795462
ABT,GM,leading_regime_shift,-0.29617443887954614
ASTE,CNMD,predicted_surprise_direction,-0.29508444542532697
APYX,IR,leading_confidence,-0.29506008010680906
ASTE,CNMD,leading_corr_historical,-0.29473684210526313
RMD,TEX,predicted_rev_resid_calibrated,-0.29469696969696973
ALGN,PRCT,leading_confidence,-0.2944004164733308
ASTE,CNMD,filtered_leading_corr,-0.29411764705882354
BSX,BWAY,predicted_surprise_direction,-0.2939723678960656
BWAY,GM,predicted_surprise_direction,-0.2939723678960656
BWAY,HY,predicted_surprise_direction,-0.2939723678960656
BWAY,WNC,predicted_surprise_direction,-0.2939723678960656
GM,ZTS,predicted_rev_resid_calibrated,-0.2937062937062937
AGCO,ALG,filtered_contemp_corr,-0.2936018342572642
BAX,HY,leading_confidence,-0.29299793188108697
BHC,IR,leading_confidence,-0.2929632331662034
HURC,PII,leading_corr_historical,-0.29285714285714287
HURC,PII,filtered_leading_corr,-0.29285714285714287
GM,HOLX,leading_regime_shift,-0.2927700218845599
PCAR,RMD,leading_regime_shift,-0.2927700218845599
PCAR,RXST,leading_regime_shift,-0.2927700218845599
RXST,VMI,leading_regime_shift,-0.2927700218845599
MDT,WNC,leading_corr_historical,-0.29249011857707513
BSX,MASI,predicted_rev_resid_calibrated,-0.2923076923076923
MDT,RMD,leading_corr_historical,-0.2923076923076923
ALGN,GM,leading_regime_shift,-0.2920515654302681
CNMD,XRX,leading_confidence,-0.29179415993493774
CAT,IDXX,leading_corr_historical,-0.2916666666666667
AGCO,APYX,filtered_contemp_corr,-0.2912087912087912
CAT,MMM,predicted_surprise_direction,-0.29104275004359953
CNMD,IDXX,filtered_contemp_corr,-0.29090909090909095
HURC,QGEN,leading_regime_shift,-0.2907225782396864
HURC,TEX,contemp_confidence,-0.2902717557834853
ABBV,MASI,leading_confidence,-0.28991660616509707
AGCO,TXT,filtered_leading_corr,-0.2896103896103896
BHC,TXT,filtered_leading_corr,-0.2896103896103896
BAX,DE,leading_corr_historical,-0.28952569169960474
ALC,IR,predicted_surprise_direction,-0.28931878117892235
LIN,QGEN,filtered_contemp_corr,-0.2892965759633763
APYX,TDOC,leading_regime_shift,-0.2886751345948129
BHC,BSX,predicted_surprise_direction,-0.2886751345948129
CNMD,STE,leading_regime_shift,-0.28867513459481287
ISRG,STE,leading_regime_shift,-0.28867513459481287
HSIC,ILMN,predicted_surprise_direction,-0.28867513459481287
XRAY,XRX,predicted_surprise_direction,-0.28867513459481287
HY,XRX,predicted_rev_resid_calibrated,-0.2882289972957653
JNJ,RXST,contemp_confidence,-0.2881311824729371
APYX,VMI,filtered_contemp_corr,-0.2879120879120879
CAT,MTW,contemp_confidence,-0.287686996547756
ILMN,TEX,filtered_contemp_corr,-0.2875457875457876
BAX,VMI,leading_corr_historical,-0.2874082439299831
BAX,DE,filtered_leading_corr,-0.28721804511278193
CAT,RMD,leading_regime_shift,-0.2872133278819995
LIN,SKIN,leading_confidence,-0.28690952087850224
LIN,TEX,predicted_rev_resid_calibrated,-0.2867132867132868
BHC,MTW,filtered_contemp_corr,-0.2867132867132868
ABT,BAX,leading_corr_historical,-0.2865612648221344
MTW,VMI,filtered_contemp_corr,-0.28646541728129654
ALGN,SKIN,leading_corr_historical,-0.28571428571428575
DE,HURC,leading_corr_historical,-0.28571428571428575
ALGN,SKIN,filtered_leading_corr,-0.28571428571428575
DE,HURC,filtered_leading_corr,-0.28571428571428575
GM,ZTS,filtered_leading_corr,-0.28571428571428575
BAX,VMI,filtered_leading_corr,-0.2857142857142857
BHC,HSIC,filtered_leading_corr,-0.2857142857142857
APYX,PII,leading_regime_shift,-0.2857142857142857
APYX,TXT,leading_regime_shift,-0.2857142857142857
GM,NVST,leading_regime_shift,-0.2857142857142857
JNJ,NVST,leading_regime_shift,-0.2857142857142857
QGEN,XRAY,leading_regime_shift,-0.2857142857142857
IR,MTW,filtered_contemp_corr,-0.28531468531468535
CNMD,IDXX,leading_corr_historical,-0.28529411764705886
AGCO,ALG,predicted_rev_resid_calibrated,-0.28521739130434776
AGCO,PCAR,leading_corr_historical,-0.28484848484848485
ASTE,RMD,filtered_contemp_corr,-0.28484848484848485
ABBV,TEX,leading_regime_shift,-0.28470644163446956
MASI,RMD,leading_regime_shift,-0.28426762180748055
ALGN,XRX,predicted_surprise_direction,-0.28426762180748055
BHC,JNJ,contemp_confidence,-0.2842656168975169
PII,VMI,filtered_contemp_corr,-0.2842157842157842
CNMD,IDXX,predicted_surprise_direction,-0.2841455713867555
APYX,ISRG,contemp_confidence,-0.28390260611924495
PII,TXT,filtered_leading_corr,-0.28379655364922807
BSX,RXST,contemp_confidence,-0.28347335475692037
PRCT,TDOC,contemp_confidence,-0.28347335475692037
ABBV,ALG,predicted_surprise_direction,-0.2833333333333334
ASTE,SKIN,predicted_rev_resid_calibrated,-0.2833333333333333
AGCO,NVST,filtered_leading_corr,-0.2833333333333333
RMD,VMI,filtered_contemp_corr,-0.2833333333333333
CAT,HY,leading_confidence,-0.2832289370078171
MASI,TDOC,leading_confidence,-0.2829726654851396
HSIC,NVST,predicted_surprise_direction,-0.2828894749305018
ALG,MASI,leading_confidence,-0.28283149042815003
AGCO,HURC,predicted_surprise_direction,-0.2827520522173335
DE,SKIN,leading_confidence,-0.28200959516425306
TEX,ZTS,leading_corr_historical,-0.28181818181818186
ALC,GM,filtered_contemp_corr,-0.28177225625601326
ABT,DE,filtered_contemp_corr,-0.28176171654432525
HSIC,HURC,contemp_confidence,-0.28125
STE,VMI,leading_corr_historical,-0.2802197802197803
CNMD,XRX,filtered_contemp_corr,-0.2802197802197803
CNMD,MASI,filtered_leading_corr,-0.2797202797202798
HY,IR,leading_corr_historical,-0.2796365500928297
BAX,XRX,predicted_rev_resid_calibrated,-0.27941176470588236
ALC,ZTS,predicted_rev_resid_calibrated,-0.2785785523140639
IDXX,TDOC,contemp_confidence,-0.2785430072655778
AGCO,ISRG,leading_corr_historical,-0.27792207792207796
XRAY,ZBH,predicted_surprise_direction,-0.27777777777777773
LIN,PII,predicted_rev_resid_calibrated,-0.2776057791537668
ABBV,DE,predicted_surprise_direction,-0.2774251285747237
GM,IDXX,leading_regime_shift,-0.2773500981126146
HY,TEX,leading_regime_shift,-0.2773500981126146
IDXX,MASI,leading_regime_shift,-0.2773500981126145
XRAY,ZBH,leading_regime_shift,-0.2773500981126145
ALG,DE,predicted_surprise_direction,-0.2773500981126145
BAX,VMI,leading_regime_shift,-0.27695585470349865
MDT,TXT,contemp_confidence,-0.2768383631672825
APYX,PII,leading_confidence,-0.27683049518262826
WNC,ZBH,leading_confidence,-0.27649792580891497
IDXX,NVST,leading_confidence,-0.2764453981982267
BHC,HY,leading_corr_historical,-0.27615304488938863
BHC,HY,filtered_leading_corr,-0.27615304488938863
HY,IR,filtered_leading_corr,-0.27615304488938863
RMD,TXT,leading_regime_shift,-0.2757756117846629
ALC,ALG,leading_corr_historical,-0.27557256673287556
ALC,ALG,filtered_leading_corr,-0.27557256673287556
ILMN,MDT,filtered_contemp_corr,-0.27554179566563464
BHC,XRAY,predicted_surprise_direction,-0.27548445581586056
ASTE,HURC,contemp_confidence,-0.2754592758677571
BHC,ISRG,filtered_leading_corr,-0.27543859649122804
STE,VMI,predicted_rev_resid_calibrated,-0.2747252747252747
ABBV,STE,filtered_leading_corr,-0.2747252747252747
QGEN,STE,filtered_contemp_corr,-0.2745131660641307
BHC,MDT,filtered_leading_corr,-0.27450980392156865
ALC,MDT,predicted_surprise_direction,-0.27392713453777273
CNMD,DE,leading_corr_historical,-0.27368421052631575
XRAY,ZBH,filtered_leading_corr,-0.2735574946560291
ABT,PRCT,leading_confidence,-0.2731257018442766
ALC,CNMD,contemp_confidence,-0.27283566963634864
BHC,CAT,contemp_confidence,-0.27281697089537055
ALGN,RXST,leading_confidence,-0.27277236279499045
ALC,PCAR,leading_regime_shift,-0.27272727272727276
CAT,CNMD,filtered_contemp_corr,-0.27272727272727276
PCAR,STE,leading_corr_historical,-0.2727272727272727
IR,STE,contemp_confidence,-0.2727272727272727
ALC,PRCT,leading_confidence,-0.2726248784031353
ABBV,HSIC,leading_regime_shift,-0.27258651025455277
ILMN,MMM,leading_regime_shift,-0.27258651025455277
MTW,RMD,leading_confidence,-0.27224115230632273
ALC,GM,contemp_confidence,-0.2721888461538858
ABT,PII,leading_confidence,-0.27216858362459084
HSIC,HURC,predicted_surprise_direction,-0.2721655269759087
BSX,NVST,contemp_confidence,-0.27206932605078665
ABBV,TTC,predicted_surprise_direction,-0.2720377811042636
BHC,TXT,leading_corr_historical,-0.27159796725014124
ILMN,TEX,leading_corr_historical,-0.2715415783553024
HSIC,IDXX,leading_regime_shift,-0.2711630722733202
PII,TEX,leading_regime_shift,-0.27060403659669535
QGEN,ZBH,leading_regime_shift,-0.27060403659669535
ALC,HY,predicted_rev_resid_calibrated,-0.27050545947907634
BHC,MMM,filtered_leading_corr,-0.2703296703296703
MMM,XRAY,predicted_surprise_direction,-0.26984126984126977
ABT,SKIN,leading_confidence,-0.2698298983205646
ALC,ILMN,leading_confidence,-0.2697091358653937
ABBV,HY,predicted_rev_resid_calibrated,-0.26960135546155745
MTW,WNC,leading_corr_historical,-0.2695652173913043
DE,HURC,contemp_confidence,-0.26954711004997906
CAT,TXT,predicted_rev_resid_calibrated,-0.26947676919274255
ABBV,SKIN,leading_confidence,-0.2692706051071774
ALC,TEX,filtered_contemp_corr,-0.2692307692307692
MMM,TEX,predicted_surprise_direction,-0.2691847586742971
ALG,MASI,predicted_rev_resid_calibrated,-0.26904761904761904
HSIC,ZBH,predicted_rev_resid_calibrated,-0.26889483065953657
DE,PRCT,leading_confidence,-0.2688221518580073
JNJ,VMI,predicted_surprise_direction,-0.2685663272412834
ALC,VMI,predicted_surprise_direction,-0.2685430777647873
CNMD,TXT,predicted_surprise_direction,-0.2683568646404891
MASI,WNC,predicted_rev_resid_calibrated,-0.2676470588235294
BHC,MMM,leading_corr_historical,-0.2676470588235294
ALG,PII,predicted_surprise_direction,-0.2672612419124244
IDXX,IR,predicted_surprise_direction,-0.2672612419124244
AGCO,MMM,leading_regime_shift,-0.26726124191242434
ABBV,IDXX,predicted_rev_resid_calibrated,-0.26715686274509803
ABT,NVST,leading_regime_shift,-0.26666666666666666
APYX,TEX,leading_regime_shift,-0.26666666666666666
DE,NVST,leading_regime_shift,-0.26666666666666666
STE,WNC,leading_regime_shift,-0.26666666666666666
CAT,RMD,predicted_surprise_direction,-0.2666241452319315
ALGN,BAX,predicted_surprise_direction,-0.2659695218051501
ALGN,HSIC,predicted_rev_resid_calibrated,-0.2659514398644834
GM,STE,filtered_leading_corr,-0.2657342657342658
ABT,TTC,predicted_surprise_direction,-0.2656957956276213
AGCO,XRX,leading_confidence,-0.265236051502146
ALC,VMI,predicted_rev_resid_calibrated,-0.26519246079831704
ALGN,APYX,predicted_rev_resid_calibrated,-0.26470588235294124
JNJ,PII,filtered_contemp_corr,-0.2647058823529412
IR,ZTS,contemp_confidence,-0.26444493481089276
BAX,ILMN,filtered_contemp_corr,-0.2638180427177147
ALG,BSX,leading_corr_historical,-0.26373626373626374
APYX,DE,leading_corr_historical,-0.26373626373626374
RMD,TXT,leading_corr_historical,-0.26373626373626374
BSX,DE,filtered_contemp_corr,-0.26373626373626374
BSX,XRAY,filtered_leading_corr,-0.26363636363636367
HY,MTW,filtered_contemp_corr,-0.26347777762091695
ISRG,WNC,leading_regime_shift,-0.26315789473684215
ALGN,LIN,predicted_rev_resid_calibrated,-0.2631578947368421
CNMD,IR,contemp_confidence,-0.2630021351917366
BHC,PII,contemp_confidence,-0.2629045674220776
ABT,GM,predicted_rev_resid_calibrated,-0.2626086956521739
HSIC,IDXX,predicted_surprise_direction,-0.26257545381445874
BHC,ILMN,leading_corr_historical,-0.26241258741258744
ABT,BAX,filtered_leading_corr,-0.26233766233766237
ALC,MDT,predicted_rev_resid_calibrated,-0.26216753579327473
ASTE,TDOC,leading_corr_historical,-0.261904761904762
DE,PCAR,filtered_contemp_corr,-0.261904761904762
NVST,ZBH,filtered_contemp_corr,-0.261904761904762
PII,PRCT,filtered_contemp_corr,-0.261904761904762
HOLX,ZBH,predicted_surprise_direction,-0.2617867756870201
BDX,MMM,predicted_surprise_direction,-0.2614979545298308
DE,LIN,predicted_rev_resid_calibrated,-0.26109391124871
CNMD,VMI,contemp_confidence,-0.2610261875929219
RXST,TXT,leading_confidence,-0.2606901174755145
GM,RXST,contemp_confidence,-0.2606901174755145
BSX,PII,leading_corr_historical,-0.2606060606060606
NVST,ZTS,leading_corr_historical,-0.2606060606060606
RMD,XRX,leading_corr_historical,-0.2606060606060606
ILMN,XRAY,leading_confidence,-0.25972914537121844
BAX,TEX,predicted_rev_resid_calibrated,-0.2595588235294118
BHC,MDT,leading_corr_historical,-0.25902992776057787
AGCO,MTW,predicted_rev_resid_calibrated,-0.2588522588522589
MASI,TXT,predicted_rev_resid_calibrated,-0.2588235294117647
DE,LIN,leading_confidence,-0.258812198206104
BDX,IDXX,predicted_surprise_direction,-0.25877458475338283
AGCO,MASI,filtered_leading_corr,-0.25874125874125875
BHC,IR,predicted_surprise_direction,-0.25833333333333336
ILMN,RMD,leading_corr_historical,-0.2582417582417582
ABBV,RMD,leading_regime_shift,-0.25819888974716115
ALGN,PCAR,leading_regime_shift,-0.25819888974716115
BWAY,CAT,leading_regime_shift,-0.25819888974716115
BWAY,STE,leading_regime_shift,-0.25819888974716115
JNJ,TDOC,leading_regime_shift,-0.25819888974716115
RMD,WNC,leading_regime_shift,-0.25819888974716115
BSX,LIN,predicted_surprise_direction,-0.25819888974716115
ILMN,RMD,predicted_surprise_direction,-0.2581988897471611
PRCT,STE,predicted_surprise_direction,-0.2581988897471611
PRCT,ZBH,predicted_surprise_direction,-0.2581988897471611
HSIC,PII,leading_regime_shift,-0.25819888974716104
ABT,PII,filtered_leading_corr,-0.2573529411764706
LIN,STE,leading_corr_historical,-0.2571428571428571
MTW,ZTS,contemp_confidence,-0.257015306122449
BHC,PCAR,contemp_confidence,-0.25633084775906423
ALC,TDOC,leading_corr_historical,-0.2561358820277077
ALC,TDOC,filtered_leading_corr,-0.2561358820277077
MDT,STE,leading_corr_historical,-0.25588235294117645
DE,STE,filtered_contemp_corr,-0.2558461842645392
STE,XRX,leading_corr_historical,-0.25558544611495526
BSX,WNC,contemp_confidence,-0.2555792422004575
CNMD,TDOC,leading_regime_shift,-0.25549395606027614
STE,TEX,filtered_contemp_corr,-0.2553203283456271
AGCO,APYX,leading_confidence,-0.25500455369340286
ISRG,LIN,predicted_surprise_direction,-0.2548235957188128
JNJ,PCAR,predicted_rev_resid_calibrated,-0.2545454545454546
CAT,DE,predicted_rev_resid_calibrated,-0.2545454545454545
ALGN,VMI,contemp_confidence,-0.25430552965297015
ILMN,IR,predicted_surprise_direction,-0.25417185662769515
ALC,VMI,contemp_confidence,-0.2540890802364704
BSX,PRCT,contemp_confidence,-0.25401289932207255
IDXX,ZTS,contemp_confidence,-0.25401289932207255
APYX,JNJ,predicted_rev_resid_calibrated,-0.25357142857142856
IR,JNJ,leading_confidence,-0.2534365888073584
ALC,MTW,filtered_leading_corr,-0.2533489726415146
DE,IDXX,leading_confidence,-0.2531165311653117
ISRG,MTW,filtered_leading_corr,-0.2528379772961816
ASTE,MMM,filtered_leading_corr,-0.2527472527472528
ABBV,STE,filtered_contemp_corr,-0.2521895286018047
ALC,BWAY,predicted_rev_resid_calibrated,-0.25197631533948484
BWAY,DE,predicted_rev_resid_calibrated,-0.25197631533948484
BWAY,MDT,predicted_rev_resid_calibrated,-0.25197631533948484
HSIC,IR,leading_regime_shift,-0.2519660879751391
BSX,CAT,predicted_rev_resid_calibrated,-0.2517482517482518
ALG,XRAY,leading_confidence,-0.25169399312697605
PCAR,PII,leading_confidence,-0.25155764746872633
AGCO,HY,leading_confidence,-0.2508927177020509
ABT,WNC,filtered_leading_corr,-0.2508771929824561
ISRG,WNC,filtered_leading_corr,-0.25000000000000006
ABT,STE,leading_regime_shift,-0.25000000000000006
ALGN,STE,leading_regime_shift,-0.25000000000000006
APYX,DE,leading_regime_shift,-0.25000000000000006
DE,JNJ,leading_regime_shift,-0.25000000000000006
GM,STE,leading_regime_shift,-0.25000000000000006
JNJ,PII,leading_regime_shift,-0.25000000000000006
JNJ,SKIN,predicted_rev_resid_calibrated,-0.25
JNJ,XRX,predicted_rev_resid_calibrated,-0.25
HURC,MASI,leading_confidence,-0.25
ABT,TDOC,filtered_leading_corr,-0.25
NVST,ZTS,filtered_leading_corr,-0.25
ALC,XRAY,leading_regime_shift,-0.25
ALG,HY,leading_regime_shift,-0.25
BDX,MASI,leading_regime_shift,-0.25
HY,RMD,leading_regime_shift,-0.25
MASI,MMM,leading_regime_shift,-0.25
NVST,TDOC,leading_regime_shift,-0.25
STE,TDOC,leading_regime_shift,-0.25
TDOC,XRX,leading_regime_shift,-0.25
ABBV,ZTS,filtered_contemp_corr,-0.25
ALC,MDT,leading_confidence,-0.2495807107379821
APYX,CNMD,leading_confidence,-0.2495504299442578
ALGN,WNC,filtered_leading_corr,-0.24940010969422738
MTW,WNC,filtered_leading_corr,-0.24912280701754386
MMM,VMI,contemp_confidence,-0.24881194679541468
CNMD,DE,filtered_leading_corr,-0.24871001031991744
ILMN,TXT,contemp_confidence,-0.24860355713083618
ALG,PCAR,leading_corr_historical,-0.24848484848484845
IDXX,LIN,leading_corr_historical,-0.24848484848484845
BSX,IR,filtered_contemp_corr,-0.24848484848484845
NVST,WNC,leading_corr_historical,-0.24835164835164836
TDOC,ZBH,contemp_confidence,-0.2475085941976171
NVST,PII,predicted_rev_resid_calibrated,-0.24705882352941175
GM,NVST,predicted_surprise_direction,-0.24688535993934707
ALG,TEX,leading_regime_shift,-0.24671758189758453
ILMN,TEX,leading_regime_shift,-0.2466926472477712
AGCO,JNJ,predicted_rev_resid_calibrated,-0.24664602683178533
CAT,DE,leading_confidence,-0.24661390283544152
ALG,DE,predicted_rev_resid_calibrated,-0.24562394127611523
BSX,HSIC,filtered_contemp_corr,-0.24545454545454545
IDXX,ILMN,filtered_leading_corr,-0.24480338795087817
BHC,LIN,leading_corr_historical,-0.2447552447552448
BHC,LIN,filtered_leading_corr,-0.2447552447552448
JNJ,QGEN,leading_regime_shift,-0.24459979523511427
ALG,PII,leading_confidence,-0.244528450539623
TEX,WNC,filtered_leading_corr,-0.2441176470588235
ALG,ZBH,contemp_confidence,-0.24400554086827314
CNMD,IDXX,filtered_leading_corr,-0.24395604395604395
PCAR,SKIN,contemp_confidence,-0.2439024390243902
IDXX,JNJ,predicted_surprise_direction,-0.24370871833797697
BAX,HSIC,leading_regime_shift,-0.24333213169614384
BHC,DE,leading_confidence,-0.24292353195296665
BAX,IR,contemp_confidence,-0.24279256098577434
AGCO,XRX,predicted_rev_resid_calibrated,-0.24264705882352944
ALG,HY,contemp_confidence,-0.24216132539625262
ABBV,ISRG,leading_regime_shift,-0.24182541670333724
IDXX,TXT,leading_regime_shift,-0.24182541670333724
CNMD,TTC,predicted_surprise_direction,-0.24178667883738275
ALG,BSX,filtered_contemp_corr,-0.24175824175824176
MTW,STE,leading_confidence,-0.24158095014402015
ALG,ILMN,contemp_confidence,-0.24120262364039707
ALC,ALG,contemp_confidence,-0.24089970317896062
HY,JNJ,contemp_confidence,-0.24033450927706404
GM,ILMN,leading_corr_historical,-0.2401769624731362
BSX,STE,contemp_confidence,-0.23964405967537425
LIN,PII,filtered_contemp_corr,-0.23956043956043957
ILMN,MASI,contemp_confidence,-0.23935875522332217
HURC,TXT,predicted_rev_resid_calibrated,-0.23928571428571432
CNMD,JNJ,contemp_confidence,-0.23919078931455615
CAT,HOLX,leading_regime_shift,-0.23904572186687875
AGCO,ISRG,predicted_surprise_direction,-0.23904572186687872
ALG,RMD,predicted_surprise_direction,-0.23904572186687872
ABBV,APYX,leading_regime_shift,-0.2390457218668787
ASTE,HSIC,leading_regime_shift,-0.2390457218668787
NVST,TXT,leading_regime_shift,-0.2390457218668787
AGCO,BWAY,leading_confidence,-0.23898666177410166
ABT,ILMN,contemp_confidence,-0.23869330829278362
STE,XRX,predicted_rev_resid_calibrated,-0.23823529411764705
HSIC,TEX,filtered_contemp_corr,-0.23823529411764705
AGCO,MTW,predicted_surprise_direction,-0.2381531054525381
TXT,XRX,leading_corr_historical,-0.2378447845788229
TXT,XRX,filtered_leading_corr,-0.2378447845788229
AGCO,MMM,filtered_leading_corr,-0.2377622377622378
BHC,MASI,filtered_contemp_corr,-0.2377622377622378
ABBV,AGCO,filtered_contemp_corr,-0.2375
ALC,PCAR,predicted_surprise_direction,-0.23722785729558887
BWAY,LIN,leading_confidence,-0.2371964743071676
ALGN,IR,leading_corr_historical,-0.23715415019762848
ASTE,XRAY,leading_regime_shift,-0.23652495839563306
AGCO,NVST,leading_corr_historical,-0.23636363636363636
CAT,DE,predicted_surprise_direction,-0.23636363636363636
BSX,PRCT,filtered_contemp_corr,-0.23636363636363633
BAX,MDT,filtered_contemp_corr,-0.23632610939112486
ABBV,BAX,filtered_leading_corr,-0.23626373626373626
IR,JNJ,filtered_leading_corr,-0.23592502718303568
JNJ,VMI,filtered_leading_corr,-0.23571428571428568
DE,XRX,predicted_surprise_direction,-0.23570226039551584
APYX,ISRG,predicted_rev_resid_calibrated,-0.23529411764705882
IDXX,ZBH,leading_regime_shift,-0.2352941176470588
ALG,BAX,predicted_rev_resid_calibrated,-0.2350649350649351
ALG,XRAY,contemp_confidence,-0.2345042067882995
ALC,PII,contemp_confidence,-0.23440121941972097
MMM,TXT,leading_corr_historical,-0.2340804961236541
CAT,TXT,predicted_surprise_direction,-0.23399521681637367
BSX,ILMN,leading_confidence,-0.2337163717511621
BDX,HSIC,leading_regime_shift,-0.23354968324845693
HY,IDXX,leading_regime_shift,-0.23354968324845693
MTW,PCAR,leading_regime_shift,-0.23354968324845693
ISRG,RMD,predicted_surprise_direction,-0.23354968324845693
BWAY,NVST,leading_confidence,-0.23312620206007842
ALC,MMM,leading_regime_shift,-0.2330206912141852
JNJ,VMI,leading_corr_historical,-0.2329859420136533
BAX,BSX,leading_confidence,-0.23237619465251266
ALG,BHC,predicted_rev_resid_calibrated,-0.23235974551764024
ASTE,HSIC,predicted_rev_resid_calibrated,-0.2323529411764706
HSIC,PII,filtered_contemp_corr,-0.2323529411764706
ABBV,PCAR,contemp_confidence,-0.2318603680081031
PII,SKIN,leading_confidence,-0.2317073170731707
ILMN,SKIN,leading_confidence,-0.23164312332846373
HSIC,VMI,predicted_rev_resid_calibrated,-0.23157894736842105
HURC,MASI,leading_regime_shift,-0.23157822123663532
IDXX,XRAY,leading_corr_historical,-0.23117373455165427
ALGN,IR,filtered_leading_corr,-0.2311688311688312
ALC,MASI,predicted_rev_resid_calibrated,-0.23112537855015367
TEX,VMI,contemp_confidence,-0.23094818763716887
BSX,JNJ,filtered_leading_corr,-0.23076923076923078
HY,ISRG,leading_regime_shift,-0.23076923076923073
HY,PII,leading_regime_shift,-0.23076923076923073
AGCO,LIN,predicted_surprise_direction,-0.23071884182126404
MMM,TXT,leading_regime_shift,-0.23063512107853829
ABBV,CAT,leading_corr_historical,-0.23053613053613053
IDXX,NVST,contemp_confidence,-0.2303863916277092
HSIC,HURC,leading_regime_shift,-0.2303175058525769
ISRG,TXT,filtered_leading_corr,-0.22996864671909906
ALGN,BAX,predicted_rev_resid_calibrated,-0.2295652173913043
ABBV,IR,leading_confidence,-0.22948100890724066
BDX,CNMD,predicted_surprise_direction,-0.22941573387056177
DE,IR,leading_regime_shift,-0.22941573387056174
DE,ISRG,leading_regime_shift,-0.22941573387056174
ISRG,MTW,leading_regime_shift,-0.22941573387056174
ASTE,HOLX,predicted_surprise_direction,-0.22886885410853172
ALG,VMI,leading_corr_historical,-0.2285995829631805
GM,WNC,filtered_contemp_corr,-0.2285714285714285
ASTE,QGEN,leading_corr_historical,-0.22830583024432846
BSX,MTW,predicted_surprise_direction,-0.22821773229381923
ABBV,WNC,leading_corr_historical,-0.22807017543859648
BSX,MASI,leading_regime_shift,-0.2277100170213244
ABBV,CAT,filtered_leading_corr,-0.22748917748917752
ILMN,TEX,filtered_leading_corr,-0.2274738578598063
BAX,VMI,predicted_rev_resid_calibrated,-0.2272727272727273
MASI,RMD,leading_corr_historical,-0.22727272727272727
ALGN,GM,predicted_surprise_direction,-0.22698250064370418
ALG,VMI,filtered_leading_corr,-0.2267054230432287
HY,WNC,predicted_rev_resid_calibrated,-0.22662279940048724
CAT,XRX,leading_corr_historical,-0.22662279940048724
AGCO,MMM,leading_corr_historical,-0.22647058823529412
AGCO,HSIC,filtered_contemp_corr,-0.22637362637362637
CAT,XRX,filtered_contemp_corr,-0.22637362637362637
ABT,IR,filtered_contemp_corr,-0.2263157894736842
MTW,QGEN,filtered_leading_corr,-0.2262778643423326
HURC,PII,contemp_confidence,-0.22621274525999435
BHC,ZTS,predicted_rev_resid_calibrated,-0.22619047619047622
IR,MASI,leading_confidence,-0.22608695652173913
AGCO,HOLX,predicted_surprise_direction,-0.2257037222564481
ABT,ALGN,predicted_surprise_direction,-0.2254485920762712
BAX,BHC,predicted_rev_resid_calibrated,-0.22530959752321972
LIN,STE,filtered_leading_corr,-0.22527472527472525
HSIC,MASI,predicted_rev_resid_calibrated,-0.22472527472527476
HURC,MTW,contemp_confidence,-0.22457691406485075
ISRG,PCAR,leading_corr_historical,-0.22424242424242422
PRCT,TXT,filtered_contemp_corr,-0.22424242424242422
ALG,PCAR,leading_confidence,-0.2241066431677631
ISRG,TXT,predicted_surprise_direction,-0.22407133233117496
ABBV,ILMN,predicted_rev_resid_calibrated,-0.2240694040288432
ISRG,LIN,predicted_rev_resid_calibrated,-0.2239422084623323
AGCO,ZTS,predicted_rev_resid_calibrated,-0.22377622377622378
CAT,MMM,predicted_rev_resid_calibrated,-0.22377622377622378
MTW,TXT,leading_regime_shift,-0.22360679774997896
STE,TXT,leading_regime_shift,-0.22360679774997896
ABBV,ILMN,predicted_surprise_direction,-0.22360679774997896
RXST,TXT,contemp_confidence,-0.22360679774997896
ISRG,TTC,predicted_surprise_direction,-0.22312227540868657
ALGN,PII,filtered_contemp_corr,-0.22303921568627455
GM,TXT,predicted_surprise_direction,-0.22225241260567347
IDXX,ISRG,leading_regime_shift,-0.2222222222222222
IDXX,PCAR,leading_regime_shift,-0.2222222222222222
WNC,ZBH,leading_regime_shift,-0.2222222222222222
HSIC,IR,contemp_confidence,-0.2221868811630737
ASTE,JNJ,filtered_contemp_corr,-0.221978021978022
ALC,STE,predicted_surprise_direction,-0.22191881056123433
ALGN,TXT,leading_regime_shift,-0.22187880047049738
QGEN,TEX,filtered_leading_corr,-0.2214176984515057
CAT,DE,leading_corr_historical,-0.22105263157894736
CAT,DE,filtered_leading_corr,-0.22058823529411767
ABBV,DE,filtered_contemp_corr,-0.2201915542374214
ABBV,BAX,leading_corr_historical,-0.2197802197802198
CAT,PCAR,contemp_confidence,-0.219578226426294
ABBV,ISRG,predicted_rev_resid_calibrated,-0.21954887218045113
RMD,TEX,leading_regime_shift,-0.21952286093343937
ABT,RMD,leading_regime_shift,-0.2192645048267573
MTW,ZBH,leading_confidence,-0.21910655413915914
ILMN,MASI,leading_confidence,-0.21899850993050027
IR,XRAY,contemp_confidence,-0.21898233703673614
HY,TEX,filtered_leading_corr,-0.21867938283753854
QGEN,RMD,predicted_rev_resid_calibrated,-0.21866199607243056
ASTE,CAT,leading_confidence,-0.21865004683492248
GM,PCAR,leading_confidence,-0.2185275874203112
MASI,MTW,filtered_contemp_corr,-0.21831994942721417
ABBV,NVST,leading_regime_shift,-0.21821789023599242
ASTE,NVST,leading_regime_shift,-0.21821789023599242
BDX,MTW,leading_regime_shift,-0.21821789023599242
RMD,RXST,leading_confidence,-0.2182178902359924
ABBV,ABT,leading_regime_shift,-0.2182178902359924
BAX,GM,leading_regime_shift,-0.2182178902359924
CNMD,DE,leading_regime_shift,-0.2182178902359924
CNMD,PII,leading_regime_shift,-0.2182178902359924
ILMN,XRX,leading_regime_shift,-0.2182178902359924
RMD,TDOC,leading_regime_shift,-0.2182178902359924
STE,ZTS,leading_regime_shift,-0.2182178902359924
ABT,ASTE,predicted_surprise_direction,-0.2182178902359924
BSX,ZTS,predicted_surprise_direction,-0.2182178902359924
HY,PRCT,predicted_surprise_direction,-0.2182178902359924
HY,TDOC,predicted_surprise_direction,-0.2182178902359924
HY,ZBH,predicted_surprise_direction,-0.2182178902359924
PCAR,XRX,predicted_surprise_direction,-0.2182178902359924
PRCT,VMI,predicted_surprise_direction,-0.2182178902359924
ABT,RXST,leading_regime_shift,-0.21821789023599236
CNMD,RXST,leading_regime_shift,-0.21821789023599236
IR,QGEN,leading_regime_shift,-0.21821789023599236
ISRG,RXST,leading_regime_shift,-0.21821789023599236
MMM,RXST,leading_regime_shift,-0.21821789023599236
PII,RXST,leading_regime_shift,-0.21821789023599236
RXST,TXT,leading_regime_shift,-0.21821789023599236
TDOC,WNC,leading_regime_shift,-0.21821789023599236
HSIC,PRCT,predicted_surprise_direction,-0.21821789023599236
HY,STE,predicted_surprise_direction,-0.21821789023599236
BAX,MASI,predicted_surprise_direction,-0.21821789023599233
CNMD,MASI,predicted_surprise_direction,-0.21821789023599233
IR,ISRG,contemp_confidence,-0.21814139283226774
CAT,QGEN,filtered_contemp_corr,-0.21810873371583914
PCAR,RMD,contemp_confidence,-0.21796432264466115
CNMD,RXST,leading_confidence,-0.21796432264466112
ALGN,TXT,predicted_surprise_direction,-0.21769770297464952
CNMD,MMM,leading_corr_historical,-0.2175824175824176
HSIC,WNC,filtered_contemp_corr,-0.2175824175824176
LIN,MDT,filtered_contemp_corr,-0.2175824175824176
XRAY,ZBH,leading_corr_historical,-0.21716320518488735
ALC,ZTS,leading_corr_historical,-0.21711622405557449
ALC,ZTS,filtered_leading_corr,-0.21711622405557449
BSX,NVST,leading_confidence,-0.21697475271539632
ILMN,TTC,predicted_surprise_direction,-0.2169304578186562
IDXX,LIN,filtered_leading_corr,-0.21666666666666667
JNJ,SKIN,filtered_contemp_corr,-0.21666666666666667
NVST,QGEN,predicted_surprise_direction,-0.21660005636099086
ALC,TXT,leading_corr_historical,-0.21630223059527534
ALC,TXT,filtered_leading_corr,-0.21630223059527534
CNMD,PRCT,contemp_confidence,-0.21597969886241555
DE,MASI,leading_confidence,-0.21572812494419344
GM,ZBH,predicted_rev_resid_calibrated,-0.2155844155844156
LIN,TEX,leading_regime_shift,-0.21511759979010936
CNMD,PCAR,contemp_confidence,-0.2149469704479849
IR,PII,predicted_surprise_direction,-0.21483446221182986
CNMD,DE,predicted_surprise_direction,-0.2145290825802583
TTC,VMI,leading_corr_historical,-0.21428571428571433
TTC,VMI,filtered_leading_corr,-0.21428571428571433
APYX,PII,predicted_surprise_direction,-0.21428571428571433
APYX,TEX,predicted_surprise_direction,-0.21428571428571433
MASI,ZTS,filtered_contemp_corr,-0.21428571428571433
ASTE,RMD,predicted_rev_resid_calibrated,-0.21428571428571427
HURC,MDT,leading_confidence,-0.21417646843905966
PCAR,TDOC,leading_confidence,-0.21417646843905966
GM,MDT,predicted_rev_resid_calibrated,-0.21391304347826084
ALC,ASTE,predicted_surprise_direction,-0.21380899352993948
BAX,VMI,predicted_surprise_direction,-0.21374668579336079
ILMN,NVST,leading_confidence,-0.2133462040989155
GM,WNC,contemp_confidence,-0.2132578528322199
APYX,XRAY,leading_regime_shift,-0.21320071635561044
BAX,HY,leading_regime_shift,-0.21320071635561044
BHC,XRX,predicted_surprise_direction,-0.21320071635561044
CAT,HURC,predicted_surprise_direction,-0.21320071635561041
PII,XRAY,contemp_confidence,-0.21302511004045938
ABT,HY,contemp_confidence,-0.21297866420471095
BSX,ILMN,predicted_rev_resid_calibrated,-0.2123976976214366
ALC,DE,filtered_contemp_corr,-0.2121212121212121
NVST,WNC,filtered_contemp_corr,-0.2121212121212121
QGEN,TEX,leading_corr_historical,-0.2117662200998273
GM,ZBH,filtered_contemp_corr,-0.21176470588235297
AGCO,HSIC,leading_corr_historical,-0.21168831168831168
LIN,MASI,leading_confidence,-0.21112140989597813
IR,XRX,contemp_confidence,-0.21081081081081082
IDXX,TTC,predicted_surprise_direction,-0.2105789780283675
ABBV,ALGN,leading_regime_shift,-0.2105263157894737
ILMN,LIN,leading_confidence,-0.21021699480925818
ALC,VMI,leading_regime_shift,-0.2100420126042015
ALG,JNJ,leading_regime_shift,-0.2100420126042015
ALGN,JNJ,leading_regime_shift,-0.2100420126042015
BAX,JNJ,leading_regime_shift,-0.2100420126042015
IR,JNJ,leading_regime_shift,-0.2100420126042015
JNJ,MTW,leading_regime_shift,-0.2100420126042015
PCAR,SKIN,leading_confidence,-0.20981989954220842
BAX,BSX,filtered_contemp_corr,-0.20979020979020982
GM,LIN,filtered_contemp_corr,-0.20979020979020982
DE,HURC,predicted_surprise_direction,-0.20934724495231866
JNJ,MTW,contemp_confidence,-0.20929194065023665
HOLX,MASI,leading_regime_shift,-0.2091650066335189
IDXX,VMI,leading_regime_shift,-0.2091650066335189
GM,NVST,filtered_leading_corr,-0.20909090909090913
IDXX,TXT,predicted_rev_resid_calibrated,-0.20902255639097742
ALC,MTW,leading_corr_historical,-0.20901749134536968
AGCO,QGEN,leading_confidence,-0.20893928338115597
CNMD,GM,leading_corr_historical,-0.2088235294117647
AGCO,HSIC,filtered_leading_corr,-0.2088235294117647
VMI,ZBH,filtered_contemp_corr,-0.2088235294117647
CNMD,MASI,leading_corr_historical,-0.2087912087912088
CAT,HURC,leading_regime_shift,-0.20877403762048286
BHC,TEX,predicted_rev_resid_calibrated,-0.20877192982456141
HURC,QGEN,predicted_surprise_direction,-0.20865621238292048
IDXX,TXT,predicted_surprise_direction,-0.20830127958541947
QGEN,XRX,predicted_surprise_direction,-0.20830127958541944
ABT,DE,leading_regime_shift,-0.20806259464411975
ALGN,BWAY,contemp_confidence,-0.20785648999259854
BWAY,HSIC,contemp_confidence,-0.20785648999259854
BWAY,MASI,contemp_confidence,-0.20785648999259854
ABT,IR,leading_corr_historical,-0.2075098814229249
ALG,BHC,filtered_contemp_corr,-0.20746753246753255
ALG,ILMN,predicted_surprise_direction,-0.20737876550156328
ALG,LIN,contemp_confidence,-0.20697326032340085
MASI,XRAY,predicted_rev_resid_calibrated,-0.2069130698887919
STE,XRX,filtered_leading_corr,-0.20682080721986212
BSX,CAT,leading_regime_shift,-0.20672455764868078
RMD,TEX,predicted_surprise_direction,-0.2066574105299967
GM,IDXX,predicted_surprise_direction,-0.2065835610032117
PCAR,TEX,leading_confidence,-0.2063882100744104
MTW,ZBH,leading_regime_shift,-0.20560222936341793
ABBV,SKIN,contemp_confidence,-0.20546017540462266
IR,WNC,filtered_contemp_corr,-0.20535714285714288
TEX,VMI,leading_confidence,-0.20529602237167
BHC,CAT,predicted_rev_resid_calibrated,-0.20526315789473687
ASTE,TXT,filtered_leading_corr,-0.2052173913043478
ALC,TEX,leading_confidence,-0.20517832434347424
AGCO,IR,filtered_contemp_corr,-0.20509952902945677
BDX,CAT,leading_regime_shift,-0.20498001542269695
CAT,IR,leading_regime_shift,-0.20498001542269695
ABBV,TEX,predicted_surprise_direction,-0.20461693428772598
ALGN,APYX,filtered_contemp_corr,-0.2043956043956044
ALGN,PII,leading_confidence,-0.20378995012213172
ILMN,STE,leading_regime_shift,-0.20363504412357358
ALG,ZTS,predicted_surprise_direction,-0.20363504412357353
DE,TEX,predicted_rev_resid_calibrated,-0.20355731225296442
PII,ZBH,predicted_rev_resid_calibrated,-0.20347826086956516
ALC,ZTS,leading_confidence,-0.20312776015569972
ABBV,IDXX,predicted_surprise_direction,-0.20309059861498083
ALG,ALGN,filtered_contemp_corr,-0.20300751879699244
BAX,CNMD,contemp_confidence,-0.20298509738120532
NVST,WNC,filtered_leading_corr,-0.2027972027972028
APYX,IDXX,leading_regime_shift,-0.20254787341673333
ALG,MMM,leading_confidence,-0.20237115298847913
MASI,STE,leading_confidence,-0.2018795940286696
PII,PRCT,leading_confidence,-0.20161661389350546
BAX,DE,filtered_contemp_corr,-0.20150375939849624
ALGN,HURC,contemp_confidence,-0.2014557541752855
ASTE,WNC,leading_corr_historical,-0.2011904761904762
DE,STE,contemp_confidence,-0.2010784388035197
HSIC,MTW,predicted_surprise_direction,-0.20091130067319796
PCAR,PRCT,contemp_confidence,-0.20087684400209255
TEX,TXT,predicted_rev_resid_calibrated,-0.20051582202535428
HSIC,PII,leading_confidence,-0.20050283516661518
MTW,QGEN,leading_corr_historical,-0.20022714374157438
DE,HOLX,predicted_surprise_direction,-0.20016019225635895
PII,ZTS,leading_corr_historical,-0.20000000000000004
BSX,HSIC,leading_regime_shift,-0.2
IR,MASI,leading_regime_shift,-0.2
